sku,item_id,before,after,result,message
943,377534855631,1,8,OK,"旧番号 377459284670 は出品終了のため再出品後の番号で反映 / [Warning] 21919456 Seller has opted into business policies. Please use policy IDs rather than legacy fields for Shipping, Payments or Returns or new policies may be automatically created seller's behalf. / [Warning] 23015 If this item sells by a Best Offer, you will not be able to require immediate payment."
977,377487619678,2,10,OK,"[Warning] 21919456 Seller has opted into business policies. Please use policy IDs rather than legacy fields for Shipping, Payments or Returns or new policies may be automatically created seller's behalf. / [Warning] 23015 If this item sells by a Best Offer, you will not be able to require immediate payment."
980,377534855635,2,10,OK,"旧番号 377459274115 は出品終了のため再出品後の番号で反映 / [Warning] 21919456 Seller has opted into business policies. Please use policy IDs rather than legacy fields for Shipping, Payments or Returns or new policies may be automatically created seller's behalf. / [Warning] 23015 If this item sells by a Best Offer, you will not be able to require immediate payment."
1005,377529989954,2,8,OK,"[Warning] 21919456 Seller has opted into business policies. Please use policy IDs rather than legacy fields for Shipping, Payments or Returns or new policies may be automatically created seller's behalf. / [Warning] 23015 If this item sells by a Best Offer, you will not be able to require immediate payment."
1031,377527738324,1,6,OK,"[Warning] 21919456 Seller has opted into business policies. Please use policy IDs rather than legacy fields for Shipping, Payments or Returns or new policies may be automatically created seller's behalf. / [Warning] 23015 If this item sells by a Best Offer, you will not be able to require immediate payment."
1043,377525906710,2,5,OK,"[Warning] 21919456 Seller has opted into business policies. Please use policy IDs rather than legacy fields for Shipping, Payments or Returns or new policies may be automatically created seller's behalf. / [Warning] 23015 If this item sells by a Best Offer, you will not be able to require immediate payment."
1047,375961805235,2,4,OK,"[Warning] 21919456 Seller has opted into business policies. Please use policy IDs rather than legacy fields for Shipping, Payments or Returns or new policies may be automatically created seller's behalf. / [Warning] 23015 If this item sells by a Best Offer, you will not be able to require immediate payment."
1098,377467118902,1,6,OK,"[Warning] 21919456 Seller has opted into business policies. Please use policy IDs rather than legacy fields for Shipping, Payments or Returns or new policies may be automatically created seller's behalf. / [Warning] 23015 If this item sells by a Best Offer, you will not be able to require immediate payment."
1107,377489614882,1,9,OK,"[Warning] 21919456 Seller has opted into business policies. Please use policy IDs rather than legacy fields for Shipping, Payments or Returns or new policies may be automatically created seller's behalf. / [Warning] 23015 If this item sells by a Best Offer, you will not be able to require immediate payment."
1109,377474014366,1,10,OK,"[Warning] 21919456 Seller has opted into business policies. Please use policy IDs rather than legacy fields for Shipping, Payments or Returns or new policies may be automatically created seller's behalf. / [Warning] 23015 If this item sells by a Best Offer, you will not be able to require immediate payment."
1124,377523402502,2,6,OK,"[Warning] 21919456 Seller has opted into business policies. Please use policy IDs rather than legacy fields for Shipping, Payments or Returns or new policies may be automatically created seller's behalf. / [Warning] 23015 If this item sells by a Best Offer, you will not be able to require immediate payment."
1127,377510142960,1,5,OK,"[Warning] 21919456 Seller has opted into business policies. Please use policy IDs rather than legacy fields for Shipping, Payments or Returns or new policies may be automatically created seller's behalf. / [Warning] 23015 If this item sells by a Best Offer, you will not be able to require immediate payment."
1200,377523124648,2,8,OK,"[Warning] 21919456 Seller has opted into business policies. Please use policy IDs rather than legacy fields for Shipping, Payments or Returns or new policies may be automatically created seller's behalf. / [Warning] 23015 If this item sells by a Best Offer, you will not be able to require immediate payment."
1210,377523137874,1,13,OK,"[Warning] 21919456 Seller has opted into business policies. Please use policy IDs rather than legacy fields for Shipping, Payments or Returns or new policies may be automatically created seller's behalf. / [Warning] 23015 If this item sells by a Best Offer, you will not be able to require immediate payment."
1222,377525906702,1,10,OK,"[Warning] 21919456 Seller has opted into business policies. Please use policy IDs rather than legacy fields for Shipping, Payments or Returns or new policies may be automatically created seller's behalf. / [Warning] 23015 If this item sells by a Best Offer, you will not be able to require immediate payment."
1229,377487284555,2,15,OK,"[Warning] 21919456 Seller has opted into business policies. Please use policy IDs rather than legacy fields for Shipping, Payments or Returns or new policies may be automatically created seller's behalf. / [Warning] 23015 If this item sells by a Best Offer, you will not be able to require immediate payment."
1248,377507104150,2,4,OK,"[Warning] 21919456 Seller has opted into business policies. Please use policy IDs rather than legacy fields for Shipping, Payments or Returns or new policies may be automatically created seller's behalf. / [Warning] 23015 If this item sells by a Best Offer, you will not be able to require immediate payment."
1250,377482659954,2,6,OK,"[Warning] 21919456 Seller has opted into business policies. Please use policy IDs rather than legacy fields for Shipping, Payments or Returns or new policies may be automatically created seller's behalf. / [Warning] 23015 If this item sells by a Best Offer, you will not be able to require immediate payment."
1302,377504794784,1,7,OK,"[Warning] 21919456 Seller has opted into business policies. Please use policy IDs rather than legacy fields for Shipping, Payments or Returns or new policies may be automatically created seller's behalf. / [Warning] 23015 If this item sells by a Best Offer, you will not be able to require immediate payment."
1312,377477792320,2,4,OK,"[Warning] 21919456 Seller has opted into business policies. Please use policy IDs rather than legacy fields for Shipping, Payments or Returns or new policies may be automatically created seller's behalf. / [Warning] 23015 If this item sells by a Best Offer, you will not be able to require immediate payment."
1328,377507090989,2,7,OK,"[Warning] 21919456 Seller has opted into business policies. Please use policy IDs rather than legacy fields for Shipping, Payments or Returns or new policies may be automatically created seller's behalf. / [Warning] 23015 If this item sells by a Best Offer, you will not be able to require immediate payment."
1352,377529921230,2,8,OK,"[Warning] 21919456 Seller has opted into business policies. Please use policy IDs rather than legacy fields for Shipping, Payments or Returns or new policies may be automatically created seller's behalf. / [Warning] 23015 If this item sells by a Best Offer, you will not be able to require immediate payment."
1362,377516389616,1,5,OK,"[Warning] 21919456 Seller has opted into business policies. Please use policy IDs rather than legacy fields for Shipping, Payments or Returns or new policies may be automatically created seller's behalf. / [Warning] 23015 If this item sells by a Best Offer, you will not be able to require immediate payment."
