axis,keyword_ja,query,rank,title,price_usd,shipping_usd,condition,buying_options,seller,seller_feedback,seller_pct,location,listed_at,category,item_id,url
A,五十嵐大介 画集(海獣とタマシイ),Daisuke Igarashi art book,1,Daisuke Igarashi Art Works Sea Beast Kaiju and Tamashii Illustration Book,479.38,0.00,New,FIXED_PRICE,solamu_inc,2766,99.1,JP,2026-05-05T01:31:53.000Z,Other Animation Merchandise/Collectibles/Animation Merchandise/Animation Art & Merchandise,v1|117178498100|0,https://www.ebay.com/itm/117178498100?_skw=Daisuke+Igarashi+art+book&hash=item1b4861fc34:g:tg8AAeSwePhpW9Um
A,五十嵐大介 画集(海獣とタマシイ),Daisuke Igarashi art book,2,Daisuke Igarashi Art Works Kaiju and Tamashii Sea Beast Illustration Book,427.78,92.00,Very Good,FIXED_PRICE/BEST_OFFER,kaztaka85,321,89.7,JP,2025-09-10T23:31:58.000Z,Books/Books & Magazines,v1|357601014811|0,https://www.ebay.com/itm/357601014811?_skw=Daisuke+Igarashi+art+book&hash=item5342ae741b:g:otcAAeSwiEZowgo6&amdata=enc%3AAQALAAABAACCtXRWQnOEpyOqnQQ8KGbRK3sxQmehOosTs57ov2uMQijRnXD03UBJtGoDMHiYaK1O%2Bic8rW5u4whcpD8ats%2BAm8OmjAmut%2Fad4etOX5IcoVJmrXD2r9hLexxktAEcNpz5Q3gbmet%2FTsiQBGgmD8Y1jrjD4HJsosZlwJGloxnaaFy%2B1vNOgXCk2P3TlxomDJfiSUG7SErK9iqBR3Q7ARcDeizhLwPpm%2FxMC9c96nxaOgDk5XA5PaWAmYKtUC7LcZZuMwMOzUjVrlPcvuKQKDYeL%2FNpv8YT8Yn49dQA8b9l3%2FW4YzsylyBs8Z1k%2BUgq%2FzVF9q%2F5EKQ8tUlgB3ahk4o%3D
B,松本大洋 画集,Taiyo Matsumoto art book,1,Ping Pong Tv Anime Complete Art Works Concept Art / Taiyo Matsumoto,1340.31,20.00,Used,FIXED_PRICE/BEST_OFFER,d.d.d.shop,26746,99.8,JP,2023-11-01T08:31:21.000Z,Other Animation Merchandise/Collectibles/Animation Merchandise/Animation Art & Merchandise,v1|176002295148|0,https://www.ebay.com/itm/176002295148?_skw=Taiyo+Matsumoto+art+book&hash=item28fa8de56c:g:GUMAAeSwVqpquWw4
B,寺田克也 画集,Katsuya Terada art book,1,Katsuya Terada Poster Book 1999-2000 Limited #772/10000 Complete Box w Sculpture,1499.0,0.00,Used,FIXED_PRICE/BEST_OFFER,la44b-vintage-and-antiques,13,100.0,US,2026-04-16T07:28:15.000Z,Other Animation Merchandise/Collectibles/Animation Merchandise/Animation Art & Merchandise,v1|236759573441|0,https://www.ebay.com/itm/236759573441?_skw=Katsuya+Terada+art+book&hash=item371ff863c1:g:4egAAeSw3uFp4I3W
B,寺田克也 画集,Katsuya Terada art book,2,Katsuya Terada Mecha Art Illustration Fan Art,305.37,20.00,Good,FIXED_PRICE/BEST_OFFER,d.d.d.shop,26746,99.8,JP,2022-06-02T09:44:45.000Z,Magazines/Books & Magazines,v1|175305046476|0,https://www.ebay.com/itm/175305046476?_skw=Katsuya+Terada+art+book&hash=item28d0feb9cc:g:OIEAAeSwrgBquVR~&amdata=enc%3AAQALAAAA8ACCtXRWQnOEpyOqnQQ8KGYZMhRgBqfI3n2Ism5o1bFLbcZvMihQKCgTblpd1owpzj9Lc5VtpTF%2Ba84BJbh9FEKiTbxbJUewy6EYqXYlB%2B%2FPxCr%2FZjVOecjdUkldQAVHYpSCnIqKP1%2FFMq203iIT9y%2BgKaESMoQUMbc7CM3krV0%2BUj1Q9QparicRc%2BPSz%2FH2Alrjxp%2FwzNo62fM8XVRdIcfiLkM8x6u2woMJpmx1imFKqSfDp7jMNLOv43M%2BNnz6wIw4QNDYL%2BvdANMedJSGiFP40NuSl26H%2FXbUI24QL%2B%2BW96t5F5WZTrLwRCjfZ3IFUA%3D%3D
B,寺田克也 画集,Katsuya Terada art book,3,Katsuya Terada Art works Book Erotic Engineering 2014,315.36,35.00,Used,FIXED_PRICE,hospitality-japan*m,3576,98.4,JP,2022-10-11T04:37:37.000Z,Other Animation Merchandise/Collectibles/Animation Merchandise/Animation Art & Merchandise,v1|165720516963|0,https://www.ebay.com/itm/165720516963?_skw=Katsuya+Terada+art+book&hash=item2695b66963:g:0PEAAOSwsz5jRPLK
B,寺田克也 画集,Katsuya Terada art book,4,Katsuya Terada Mecha Art Illustration Fan Art,325.55,26.49,Good,FIXED_PRICE/BEST_OFFER,d.d.d.shop-uk,8848,99.9,JP,2024-12-28T13:16:53.000Z,"Magazines/Books, Comics & Magazines",v1|335748796164|0,https://www.ebay.com/itm/335748796164?_skw=Katsuya+Terada+art+book&hash=item4e2c300f04:g:xZAAAeSwY5BquUwX
B,寺田克也 画集,Katsuya Terada art book,5,Hajime Sorayama/Rockin' Jelly Bean/Katsuya Terada Signed Art Book s38,569.99,20.00,Very Good,FIXED_PRICE/BEST_OFFER,samuraiheike,2872,99.6,JP,2024-12-21T06:11:19.000Z,Books/Books & Magazines,v1|267102704770|0,https://www.ebay.com/itm/267102704770?_skw=Katsuya+Terada+art+book&hash=item3e308fd482:g:tOAAAOSwrtBnZlvO
B,弐瓶勉 画集,Tsutomu Nihei art book,1,BLAME! and so on Tsutomu Nihei Art Book First Edition,369.0,0.00,Very Good,FIXED_PRICE,jdmotorgear,1444,99.6,JP,2026-09-19T22:46:48.000Z,Magazines/Books & Magazines,v1|267790264133|0,https://www.ebay.com/itm/267790264133?_skw=Tsutomu+Nihei+art+book&hash=item3e598b2745:g:OC0AAeSw4kFqrxEa
B,弐瓶勉 画集,Tsutomu Nihei art book,2,BLAME and so on Tsutomu Nihei Art Book,616.88,20.00,Very Good,FIXED_PRICE,lechuangdelight,199,100.0,JP,2026-07-18T14:58:22.000Z,Books/Books & Magazines,v1|377352181124|0,https://www.ebay.com/itm/377352181124?_skw=Tsutomu+Nihei+art+book&hash=item57dbf15584:g:PtMAAeSwx7pqW5VE
B,弐瓶勉 画集,Tsutomu Nihei art book,3,TSUTOMU NIHEI Art Works BLAME AND SO ON Design Fan Book 2003 1st Ed. SeeConditio,329.0,30.00,Used,FIXED_PRICE/BEST_OFFER,hit-japan,198156,99.8,JP,2026-09-08T01:53:42.000Z,Other Animation Merchandise/Collectibles/Animation Merchandise/Animation Art & Merchandise,v1|366655267215|0,https://www.ebay.com/itm/366655267215?_skw=Tsutomu+Nihei+art+book&hash=item555e5b618f:g:jp4AAOSwMDBjpTGW
B,弐瓶勉 画集,Tsutomu Nihei art book,4,Nihei Tsutomu Art Book: BLAME! and More Collectible Used Hardcover,407.55,35.00,Used,FIXED_PRICE/BEST_OFFER,mamosubb,1003,100.0,JP,2026-09-07T15:57:33.000Z,Paintings/Art,v1|366654463413|0,https://www.ebay.com/itm/366654463413?_skw=Tsutomu+Nihei+art+book&hash=item555e4f1db5:g:R-wAAeSwP-Rqnt8u
B,弐瓶勉 画集,Tsutomu Nihei art book,5,BLAME! and so on NIHEI TSUTOMU Art Book 1st Edition 2003 Kodansha,628.0,0.00,Good,FIXED_PRICE,jdmotorgear,1444,99.6,JP,2026-01-05T17:13:58.000Z,Magazines/Books & Magazines,v1|267534823227|0,https://www.ebay.com/itm/267534823227?_skw=Tsutomu+Nihei+art+book&hash=item3e4a516f3b:g:hHwAAeSwlRFpW~WR
B,弐瓶勉 画集,Tsutomu Nihei art book,6,BLAME and So On Tsutomu Nihei Art Book 2014 Reprint Edition W/Exterior Film New,649.61,0.00,New,FIXED_PRICE,ama-terasu,3785,99.9,JP,2026-05-21T14:16:49.000Z,Other Animation Merchandise/Collectibles/Animation Merchandise/Animation Art & Merchandise,v1|406942062098|0,https://www.ebay.com/itm/406942062098?_skw=Tsutomu+Nihei+art+book&hash=item5ebfa31612:g:DIsAAeSwSzBqDxKO
B,弐瓶勉 画集,Tsutomu Nihei art book,7,BLAME! Tsutomu Nihei Art Book / Illustration Collection [First Edition] Used JP,418.0,73.00,Used,FIXED_PRICE/BEST_OFFER,japaneseselectionshop,101,100.0,JP,2026-09-11T01:14:33.000Z,Other Animation Merchandise/Collectibles/Animation Merchandise/Animation Art & Merchandise,v1|307172862601|0,https://www.ebay.com/itm/307172862601?_skw=Tsutomu+Nihei+art+book&hash=item4784edea89:g:HjcAAeSwGHBqo1X1
B,弐瓶勉 画集,Tsutomu Nihei art book,8,BLAME and so on by Tsutomu Nihei Art Book Kodansha 2003 Japanese USED RARE,618.0,0.00,Very Good,FIXED_PRICE,jhy-shop,3220,100.0,JP,2026-09-19T00:26:03.000Z,Books/Books & Magazines,v1|198651497430|0,https://www.ebay.com/itm/198651497430?_skw=Tsutomu+Nihei+art+book&hash=item2e408d4bd6:g:4vIAAeSw0l5qrdaN
B,弐瓶勉 画集,Tsutomu Nihei art book,9,Blame! Kakioroshi Settei Shiryoushuu - JAPAN Art Book by Tsutomu Nihei,400.0,0.00,Used,FIXED_PRICE/BEST_OFFER,japan-ssdyuk,180033,99.8,JP,2017-11-07T23:30:30.000Z,Other Animation Merchandise/Collectibles/Animation Merchandise/Animation Art & Merchandise,v1|311998244429|0,https://www.ebay.com/itm/311998244429?_skw=Tsutomu+Nihei+art+book&hash=item48a48b664d:g:0q4AAOSwVJhZPiUy
B,弐瓶勉 画集,Tsutomu Nihei art book,10,Nihei Tsutomu Blame Art Book Signed Autograph Rare Very Good Condition,568.61,140.00,Used,FIXED_PRICE/BEST_OFFER,matsuri-japan-store,1758,100.0,JP,2026-09-07T03:23:29.000Z,Other Animation Merchandise/Collectibles/Animation Merchandise/Animation Art & Merchandise,v1|398367750064|0,https://www.ebay.com/itm/398367750064?_skw=Tsutomu+Nihei+art+book&hash=item5cc09177b0:g:HRkAAeSwpN5qni8U
B,弐瓶勉 画集,Tsutomu Nihei art book,11,"Rare Original First Edition: Tsutomu Nihei Art Book ""BLAME! and so on"" Japan",629.0,80.00,Used,FIXED_PRICE/BEST_OFFER,japaneseselectionshop,101,100.0,JP,2026-09-11T01:09:53.000Z,Other Animation Merchandise/Collectibles/Animation Merchandise/Animation Art & Merchandise,v1|307172855915|0,https://www.ebay.com/itm/307172855915?_skw=Tsutomu+Nihei+art+book&hash=item4784edd06b:g:MmEAAeSw5dVqo1Td
B,弐瓶勉 画集,Tsutomu Nihei art book,12,Art Book BLAME and so on Tsutomu Nihei Collection,338.39,0.00,Good,FIXED_PRICE/BEST_OFFER,harufromjapan,595,100.0,JP,2026-09-04T10:19:58.000Z,Books/Books & Magazines,v1|137697871775|0,https://www.ebay.com/itm/137697871775?_skw=Tsutomu+Nihei+art+book&hash=item200f6ec79f:g:T74AAeSwr~9qmpux
B,弐瓶勉 画集,Tsutomu Nihei art book,13,Original Edition First Nihei Tsutomu Art Book Blame And So On Very Good,479.09,87.50,Like New,FIXED_PRICE,b-lead_japan,1340,99.8,JP,2026-04-13T18:14:42.000Z,Books/Books & Magazines,v1|389886014718|0,https://www.ebay.com/itm/389886014718?_skw=Tsutomu+Nihei+art+book&hash=item5ac70474fe:g:YnQAAeSwE2hp3TKD
B,弐瓶勉 画集,Tsutomu Nihei art book,14,Tsutomu Nihei: FLAME! And so on (ARTBOOK) + GAKUEN. SIGNED!!!,398.69,,Neuwertig,FIXED_PRICE/BEST_OFFER,akabane_junior,144,100.0,DE,2022-11-14T19:50:10.000Z,Sammelbände/Sammeln & Seltenes/Comics & Comic-Fanartikel/Mangas & Asiatische Comics,v1|195472293423|0,https://www.ebay.com/itm/195472293423?_skw=Tsutomu+Nihei+art+book&hash=item2d830e7e2f:g:aVEAAOSwGhVjcpiE&amdata=enc%3AAQALAAAA8ACCtXRWQnOEpyOqnQQ8KGYcejiksa1mdUAvi%2FeO9%2F4nrvF6ihSR0khJO6cY1S3mTsdA8uoY2AzUiCAXhuF%2FK6GqhYG0LPXQ9fxirEUWmW8QUC3yTkmAvISVOh2iamkv8Qu6Rl%2Bd2gv4koMtVeg62T4GYKLEhgkRPwUFXOALtfZm1VuTHgdgA934GqV2khWE9VN5mBD2C7TMCnHLTuF%2Fut5oZrd44QM9ZMIDuU23ECFFxf0MBBq0mnAH8zmjqUOBbidvBiKgMw8MB60qbNSpj8PmPyk5ho7MqiJSCuKVKL2XvasmjNp%2FoUvYJ%2FccBIH9oA%3D%3D
B,弐瓶勉 画集,Tsutomu Nihei art book,15,Nihei Tsutomu BLAME and so on Gashu Artbook Sci Fi Cyberpunk Illustrated,307.95,0.00,Very Good,FIXED_PRICE/BEST_OFFER,jpshownin81,1378,100.0,JP,2026-03-25T17:13:46.000Z,Books/Books & Magazines,v1|366303376728|0,https://www.ebay.com/itm/366303376728?_skw=Tsutomu+Nihei+art+book&hash=item554961f558:g:L~oAAeSwmgBpxBxn&amdata=enc%3AAQALAAAA8ACCtXRWQnOEpyOqnQQ8KGanhqt10qrLQ5XttoB3ueenGvJ6KWp9mnRcE2M%2BBjiKPd2Bx31MNAK6DZyoQWuQvMMRsNu635sOh2qWIVOilBg7WRPUwymEyn%2FKz4NSLlFXQ7qrxjXSeP%2FDk09dyjf7wzcrfO0s7RNMBXAgIQijOhBtGPlQdTLy%2FaYhPsE1voQsXOihSj6zyUyEgjKwzOXgW0sDOdfnXZJtNe6gTcSsZ0AymfKrRHlok49o0Zl%2Bj2HhAzpCYaoEtQlzC9l%2FSw4tRnW4AxkCmkjiMe9HoZ0WXgHceQcgQnt0aIawmQgG%2FgLWSA%3D%3D
B,弐瓶勉 画集,Tsutomu Nihei art book,16,Nihei Tsutomu BLAME! Art Book Collectible First Edition Used,322.16,80.00,Good,FIXED_PRICE/BEST_OFFER,kiyma87,350,99.1,JP,2026-09-10T13:20:52.000Z,Books/Books & Magazines,v1|407207032459|0,https://www.ebay.com/itm/407207032459?_skw=Tsutomu+Nihei+art+book&hash=item5ecf6e368b:g:s6YAAeSwMzxqorSs&amdata=enc%3AAQALAAAA8ACCtXRWQnOEpyOqnQQ8KGa2CVLaroXep9ivV6vRI%2F76KhfqK8Ny3S9oaNwHN96ugkwJnrQOrajkYIMkBfazkx9tsFOrT1MNr4WuVVK6WANg4J5MuTBTdW8s2n%2FYIx3iOvAodG0dD1G0j%2FYpfqQmjjTv%2FPjWHRRYU%2Bg%2BpB47fDGiBYGzV%2FwoyzFcx%2FlUovIssy3NAENvnJbUx2pJ1Wu%2BDeOYf7o5FwoIZLx4mMc1vQ12FIYGsvrT7gMB9L2Gir5mBkbSEzAsDTKhfB8%2BrlrmrSiA7hN1pL%2FGiOgxU6H6JmUenc5UWRz7EaW4WNC6JhgyiA%3D%3D
B,弐瓶勉 画集,Tsutomu Nihei art book,17,Tsutomu Nihei Gashu Blame And So On Art Works Illustration,322.61,20.00,Used,FIXED_PRICE/BEST_OFFER,d.d.d.shop,26746,99.8,JP,2022-10-06T13:13:57.000Z,Other Animation Merchandise/Collectibles/Animation Merchandise/Animation Art & Merchandise,v1|175439368688|0,https://www.ebay.com/itm/175439368688?_skw=Tsutomu+Nihei+art+book&hash=item28d90051f0:g:q8sAAeSwUfFquVK3
B,弐瓶勉 画集,Tsutomu Nihei art book,18,Nihei Tsutomu BLAME and so on Art Book Unused Exterior Film Sealed Copy,762.45,190.00,Used,FIXED_PRICE/BEST_OFFER,matsuri-japan-store,1758,100.0,JP,2026-09-07T03:25:24.000Z,Other Animation Merchandise/Collectibles/Animation Merchandise/Animation Art & Merchandise,v1|398367754995|0,https://www.ebay.com/itm/398367754995?_skw=Tsutomu+Nihei+art+book&hash=item5cc0918af3:g:zSIAAeSwlyZqni8g
B,弐瓶勉 画集,Tsutomu Nihei art book,19,TSUTOMU NIHEI BLAME and so on  ILLUSTRATION Art Book  2003,321.09,70.00,Used,FIXED_PRICE/BEST_OFFER,stand_29,3420,99.5,JP,2022-09-15T02:28:06.000Z,Asian Vehicles/Collectibles/Transportation/Automobilia/Books & Manuals,v1|155163647486|0,https://www.ebay.com/itm/155163647486?_skw=Tsutomu+Nihei+art+book&hash=item2420795dfe:g:3FAAAOSwKz5i5JjT&amdata=enc%3AAQALAAAA8ACCtXRWQnOEpyOqnQQ8KGYIUU8bYBoBvTL7uhxsNxzbCo5LnpyvMFzsz1tp%2FpB2427%2FQqdygt1rY7uFhFHLZyY8Bk3iLb874fFZd0EPSZPGD12WRIYsdZo9NjK5hYvTyv%2B9nvUCSOwWnOUeYLmGPsyTPlofvll2UQA%2FIsw1M%2FxmRhZ%2FEF%2B%2F4dmZjz4T%2Bcppb74BFSwQksya0oZgWez0FB%2Fh%2FH8g2c6dMbv1NxTEHtwO1ulimeYNdphQ4UdV77WloLqXxAq1p0DQEhpMHcxnM1Y%2BJBDVe2azvevLwfL46awLtJfwvG5R4iOudHZbBbCcog%3D%3D
B,弐瓶勉 画集,Tsutomu Nihei art book,20,TSUTOMU NIHEI BLAME and so on ILLUSTRATION Art Book 2003 Japan ,477.76,21.80,Good,FIXED_PRICE,ceresty2014japan,10506,99.8,JP,2023-03-06T07:06:43.000Z,Magazines/Books & Magazines,v1|175640452570|0,https://www.ebay.com/itm/175640452570?_skw=Tsutomu+Nihei+art+book&hash=item28e4fc9dda:g:J4kAAOSwX2JclIqb
B,鶴田謙二 画集,Kenji Tsuruta art book,1,China's Melancholy Manga Kenji Tsuruta Japanese Book Reprint,449.99,0.00,New,FIXED_PRICE,clearfukuoka,762,100.0,JP,2024-05-03T23:30:26.000Z,Other Animation Merchandise/Collectibles/Animation Merchandise/Animation Art & Merchandise,v1|335377639479|0,https://www.ebay.com/itm/335377639479?_skw=Kenji+Tsuruta+art+book&hash=item4e1610a837:g:xpgAAOSwSypmNXK0
B,鶴田謙二 画集,Kenji Tsuruta art book,2,Kenji Tsuruta Art Collection: Tsubuan ( ),340.26,60.00,Good,FIXED_PRICE,excelsi_0,125,100.0,JP,2026-09-25T14:18:01.000Z,Books/Books & Magazines,v1|287608044506|0,https://www.ebay.com/itm/287608044506?_skw=Kenji+Tsuruta+art+book&hash=item42f6c67bda:g:qq8AAeSwnORqtoLY
B,大友克洋 画集,Katsuhiro Otomo art book,1,Katsuhiro Otomo KABA 2 Art Book Artwork Illustration Collection Japanese Edition,391.0,12.00,Like New,FIXED_PRICE/BEST_OFFER,trade_rabbit,39,100.0,JP,2026-09-24T04:36:52.000Z,Books/Books & Magazines,v1|398426294596|0,https://www.ebay.com/itm/398426294596?_skw=Katsuhiro+Otomo+art+book&hash=item5cc40ec944:g:-o8AAeSw8D1qtKi4
B,大友克洋 画集,Katsuhiro Otomo art book,2,Katsuhiro Otomo Artwork KABA2 Art Book 2012 Japanese,320.0,0.00,Brand New,FIXED_PRICE,dogyearcapital,5,100.0,JP,2026-08-27T02:01:56.000Z,Magazines/Books & Magazines,v1|318784697656|0,https://www.ebay.com/itm/318784697656?_skw=Katsuhiro+Otomo+art+book&hash=item4a390c7538:g:c3AAAeSwbr9qj5gt&amdata=enc%3AAQALAAAA8ACCtXRWQnOEpyOqnQQ8KGYR8Q8ylNGYDnTwwS%2FmvgJ1atB2%2FhVtw5MbHO5ddLL8tf%2BzlrDORr%2B1GTzTxjmpwSgFyUsMJJttrLJW0NPzmU%2F4bhhFMyPUi8IF8o0LuajQvYD3g3mwIe5DWBm030yr9hGwMb64KznnWZel5%2FpEJsehx7Uzijy2uxGhcDxGt3PAq7eWJym2DhV4mikP5ucb7zg1ma19jl%2BoeHWdYWw7uz8lnkYvrQMSPaf7iHB2z%2Bdv3bT7v2dEV6Z1PzzvN0L9ov%2FxCj0wd5RplM9X9vuY8%2F2%2F88N9%2FTgrxSyxQj6k1LAdmg%3D%3D
B,大友克洋 画集,Katsuhiro Otomo art book,3,The Art of Steamboy Katsuhiro Otomo Anime Illustration Concept Book Kodansha,478.47,0.00,Very Good,FIXED_PRICE/BEST_OFFER,japan.zen.shop,47,100.0,JP,2026-08-24T13:43:51.000Z,Books/Books & Magazines,v1|407166841735|0,https://www.ebay.com/itm/407166841735?_skw=Katsuhiro+Otomo+art+book&hash=item5ecd08f387:g:rJUAAeSwuQVqngyt&amdata=enc%3AAQALAAABAACCtXRWQnOEpyOqnQQ8KGYCIfOUqEzBt7AT6mSa7w4PqW7unGZkB0%2BPUXoZGXmrEEXdpIbqB0SL%2BBfGRkeXfFFo9GTgfA0dmACWTqMwfua8SARp5AQ1Cr6%2F71GcS7pn01bNATA8GTY8o2PE44dMRJ2FLONdpVKbEt%2BkAGSgssMU0axt9q1iSHtio1SfBFStDyUMIutEQj5SJtdfdn8Eff0JUugcjPRJArZucSliO%2FXxElVQE%2BCTSJ38VCiDAHVJq%2BJ1v8fBx5t9xJsjdHtUibcK3QNktTWT4uthmxYAcJJyoKCGqH16xlH7WfkOlTKexuRAKGg1zqVmaCqtrubFZuc%3D
B,大友克洋 画集,Katsuhiro Otomo art book,4,AKIRA ANIMATION ARCHIVES Art Storyboard illustration Book Katsuhiro Otomo Japan,322.75,61.00,Used,FIXED_PRICE,throwing_star,36269,99.8,JP,2021-06-30T13:08:51.000Z,Other Animation Merchandise/Collectibles/Animation Merchandise/Animation Art & Merchandise,v1|393418911212|0,https://www.ebay.com/itm/393418911212?_skw=Katsuhiro+Otomo+art+book&hash=item5b99982dec:g:m4wAAeSwaSBogeT2&amdata=enc%3AAQALAAAA8ACCtXRWQnOEpyOqnQQ8KGbRN1cvUJMPDWziufyoskAx6w4Iofd1KnjKVBxFGDVV2vYDo7ivJh9OPmQKZGKXNn0U9BaiccysFs69VI9g6MqoW8PkQX3hiXRPC0MtJJzSTMe6xa9nbajPakuVJbYpSB9RlZgDtmKRzr0jK8AhVeCssTRUyM72Yb6dBQlrnGa6bwA3%2FtA8OrdbJtZtsFR1YZtXAn4p1uIlhX5Msm9Dcm%2BrycYjCdBHuZOfZS9PQqg4Q0hXTlddaycmridmnzcnt%2BQBj1c8lXkJC%2FXCKmVoLd6FJRu0SEjRUgIbzV2ojTTeaA%3D%3D
B,大友克洋 画集,Katsuhiro Otomo art book,5,Katsuhiro Otomo Art Book Set GENGA POSTERS KABA AKIRA Japanese Rare Used,698.0,50.00,Used,FIXED_PRICE/BEST_OFFER,maruyoshop,374,100.0,JP,2026-08-30T06:51:16.000Z,Other Animation Merchandise/Collectibles/Animation Merchandise/Animation Art & Merchandise,v1|366637366992|0,https://www.ebay.com/itm/366637366992?_skw=Katsuhiro+Otomo+art+book&hash=item555d4a3ed0:g:RQ8AAeSwJ9tqk8~-
B,大友克洋 画集,Katsuhiro Otomo art book,6,Posters: Otomo Katsuhiro X Graphic Design Illustration Art Book Rare New Akira,349.99,,New,FIXED_PRICE/BEST_OFFER,jececollectibles,14613,99.9,US,2024-09-23T01:30:20.000Z,Other Animation Merchandise/Collectibles/Animation Merchandise/Animation Art & Merchandise,v1|176590824809|0,https://www.ebay.com/itm/176590824809?_skw=Katsuhiro+Otomo+art+book&hash=item291da22569:g:qLgAAOSwVKBm8MJZ
B,大友克洋 画集,Katsuhiro Otomo art book,7,KATSUHIRO OTOMO Art Works GENGA & COMME des CARCONS Bag Ltd Book SeeCondition,319.0,30.00,Used,FIXED_PRICE/BEST_OFFER,hit-japan,198156,99.8,JP,2024-11-07T03:58:32.000Z,Other Animation Merchandise/Other Japanese Collectibles/Collectibles/Animation Merchandise/Cultures & Ethnicities/Animation Art & Merchandise/1900-Now/Japanese/Asian,v1|315929872437|0,https://www.ebay.com/itm/315929872437?_skw=Katsuhiro+Otomo+art+book&hash=item498ee34835:g:pm8AAOSwXwxdcghf
B,大友克洋 画集,Katsuhiro Otomo art book,8,KATSUHIRO OTOMO Art Book BUKI YO SARABA w/Poster Farewell Weapons 2014 Japan,369.0,30.00,Unspecified,FIXED_PRICE,hit-japan,198156,99.8,JP,2023-07-07T05:52:34.000Z,Other Animation Merchandise/Collectibles/Animation Merchandise/Animation Art & Merchandise,v1|305013767181|0,https://www.ebay.com/itm/305013767181?_skw=Katsuhiro+Otomo+art+book&hash=item47043cbc0d:g:JL8AAOSwwwtkE8KF
B,大友克洋 画集,Katsuhiro Otomo art book,9,AKIRA  OTOMO THE COMPLETE WORKS 5 Book Set Katsuhiro Otomo Art Book  Japan New,344.0,25.00,Brand New,FIXED_PRICE,sb.zx-11,613,100.0,JP,2024-10-18T08:56:41.000Z,Books/Books & Magazines,v1|235792324730|0,https://www.ebay.com/itm/235792324730?_skw=Katsuhiro+Otomo+art+book&hash=item36e651587a:g:p9wAAOSw11VnEiKM
B,大友克洋 画集,Katsuhiro Otomo art book,10,Tribute to Otomo Art Book Limited 999 Copies Katsuhiro Otomo Akira Exhibition,540.0,20.00,Very Good,FIXED_PRICE,momotaro.market,908,99.6,JP,2026-03-15T11:51:32.000Z,Books/Books & Magazines,v1|287205862413|0,https://www.ebay.com/itm/287205862413?_skw=Katsuhiro+Otomo+art+book&hash=item42decdac0d:g:rm8AAeSwnrxptpyK
B,大友克洋 画集,Katsuhiro Otomo art book,11,OTOMO KATSUHIRO ARTWORK KABA2 AKIRA Steamboy Batman Art Book Japan 2012 Hardback,328.48,52.50,New,FIXED_PRICE,never_settle_jp,49,98.0,JP,2026-08-22T04:07:00.000Z,Other Animation Merchandise/Collectibles/Animation Merchandise/Animation Art & Merchandise,v1|198587751977|0,https://www.ebay.com/itm/198587751977?_skw=Katsuhiro+Otomo+art+book&hash=item2e3cc09e29:g:-QoAAeSwHUpqiSBg
B,大友克洋 画集,Katsuhiro Otomo art book,12,Katsuhiro Otomo Steam Boy Art Book Rare Used 80s Collectible,465.44,15.00,,FIXED_PRICE/BEST_OFFER,biz002mac,63,100.0,JP,2026-09-24T15:20:21.000Z,Antiquarian & Collectible/Books & Magazines,v1|318912919092|0,https://www.ebay.com/itm/318912919092?_skw=Katsuhiro+Otomo+art+book&hash=item4a40b0f634:g:km4AAeSwvOBqtT~0
B,大友克洋 画集,Katsuhiro Otomo art book,13,OTOMO KATSUHIRO ARTWORK KABA2 Illustration Art Book Akira Expedited/Ship,418.0,90.00,Used,FIXED_PRICE,happygo-l,2068,100.0,JP,2026-09-10T07:46:34.000Z,Other Animation Merchandise/Collectibles/Animation Merchandise/Animation Art & Merchandise,v1|147563840173|0,https://www.ebay.com/itm/147563840173?_skw=Katsuhiro+Otomo+art+book&hash=item225b7d82ad:g:GCQAAOSw0cpjDWxN
B,大友克洋 画集,Katsuhiro Otomo art book,14,Katsuhiro Otomo KABA 2 Art Book Artwork Illustration Collection Japanese Edition,344.0,0.00,Very Good,FIXED_PRICE/BEST_OFFER,pinor48,69,98.6,JP,2026-09-02T02:28:43.000Z,Books/Books & Magazines,v1|366643304279|0,https://www.ebay.com/itm/366643304279?_skw=Katsuhiro+Otomo+art+book&hash=item555da4d757:g:JCEAAeSwF5Bql4qW&amdata=enc%3AAQALAAAA8ACCtXRWQnOEpyOqnQQ8KGYl57PTBDsVGmO503yd%2F4oT8yJRrBvIx94wtqaelD9vGpeeB8ChlodidSEF8W3Xz5FJVhS589mYU2%2BNeoUgyH6TkS7%2FxSiWvlRquklkElQOt0R3Vu6G1bn7czxTSAvOTto4q7cOc9GJSEon4PjFx9JQU04hIPLzJZawgtNEKQNGJcmiDEgGQu8azpjMQuy%2FUo30EDwFTBK4FspTftTp1J4yuNBOR8DkOhnA9S51LjyYR8NkKDj2dRi8Edh%2FzJstW5dcPiPizq8FJF2v5LA6wm3zDikDu13B73OEHEbvOrYC5A%3D%3D
B,大友克洋 画集,Katsuhiro Otomo art book,15,AKIRA Animation Archives Katsuhiro Otomo First Edition 2002 Art Book Kodansha,474.27,75.00,Good,FIXED_PRICE,the-crimson-nest,57,100.0,JP,2026-09-22T15:31:52.000Z,Books/Books & Magazines,v1|820158743362|0,https://www.ebay.com/itm/820158743362?_skw=Katsuhiro+Otomo+art+book&hash=itembef5454342:g:AFoAAeSw-JBqsp-q&amdata=enc%3AAQALAAABAACCtXRWQnOEpyOqnQQ8KGbuGMA0EE6DsPWKVQC7JLJIZQTEMeW%2F4bL5Y2--H7LyDMtpn9um%2FD3Ik2XjYOgWvfuJnc58i8mFuQDsCEr7WKCK2UZpSbcZsxd9c7KtXOZUeSmvJ7de4Usz%2BPgIkbz4RekVwy8zqYlwOa3NnFx86BWL%2BmfglAHC5vCZCjlNfttqokuoqsD4FDbR94FbrdYjtgHx2JJcuiNszhojFXq8zUTeFIQYIci732Z%2Bg4JVRvlaD6%2FJ2%2Bj9NvW%2B3NHOdW83g0hsnD718t2Sza26B2V%2Fi40cOYplS10A%2BeKR%2FQJvLnIws4GZDKd4Zp7%2FbPpzWBlQDts%3D
B,大友克洋 画集,Katsuhiro Otomo art book,16,THE ART OF STEAMBOY Art Book Katsuhiro Otomo 80s  Minor Wear,549.12,0.00,Good,FIXED_PRICE/BEST_OFFER,nature6782,558,100.0,JP,2026-09-25T00:48:26.000Z,Books/Books & Magazines,v1|407243524905|0,https://www.ebay.com/itm/407243524905?_skw=Katsuhiro+Otomo+art+book&hash=item5ed19b0b29:g:GEsAAeSwcthqtcUY&amdata=enc%3AAQALAAABAACCtXRWQnOEpyOqnQQ8KGYWtatDKRJZZraTosRqE%2BKLcYFCQargM%2B%2Fju89Llw%2B2TzH7kc0FXaklMVZR%2BuYh28RYv4XVT216bqNOTQACtNJXsIBCpWsWTs2Y0qy5mK%2Bely3I4GvbwlrEtV7sFp%2FAUcdEg8Fg6Dofx1m5xpM0T8QKYh6pBM3X%2BIL9%2B4nwq2I5BUN6MSTFaJ%2Bs8v14BYqyPY6zXCRlTQCf4iofI47VmyWQ8Fmit5c7NZILXVXNATkgo%2FsfKMSrQ0sEHBr3S0Xz3svD8c7Uj%2BfDg8NQ9CVwJVfer%2B6ItO%2FTQbHE1--BjoTJvXt1gg6GFuGT%2BADEzwb8YSk%3D
B,大友克洋 画集,Katsuhiro Otomo art book,17,Otomo Katsuhiro KABA2 ARTWORK Illustration Collection Anime SciFi Cyberpunk,564.95,0.00,Very Good,FIXED_PRICE/BEST_OFFER,jpshownin81,1378,100.0,JP,2026-05-16T16:41:08.000Z,Books/Books & Magazines,v1|366413189343|0,https://www.ebay.com/itm/366413189343?_skw=Katsuhiro+Otomo+art+book&hash=item554fed90df:g:tsQAAeSwNylqCKCf
B,大友克洋 画集,Katsuhiro Otomo art book,18,Otomo Katsuhiro GENGA - Original Pictures Art Book,381.58,0.00,Used,FIXED_PRICE,old-latte,403,100.0,JP,2026-07-18T21:29:44.000Z,Other Japanese Collectibles/Collectibles/Cultures & Ethnicities/1900-Now/Japanese/Asian,v1|358812669988|0,https://www.ebay.com/itm/358812669988?_skw=Katsuhiro+Otomo+art+book&hash=item538ae6d824:g:to8AAeSwPFVqY5c0
B,大友克洋 画集,Katsuhiro Otomo art book,19,GENGA Otomo Katsuhiro Original Pictures Exhibition Catalog 2012,305.99,0.00,Very Good,FIXED_PRICE/BEST_OFFER,jpshownin81,1378,100.0,JP,2026-02-02T13:12:33.000Z,Books/Books & Magazines,v1|366169086536|0,https://www.ebay.com/itm/366169086536?_skw=Katsuhiro+Otomo+art+book&hash=item554160da48:g:4aUAAeSwOI5pgKap&amdata=enc%3AAQALAAAA8ACCtXRWQnOEpyOqnQQ8KGYcTnihq%2FHstRqCENlu%2BvL5Q3hx5ACCy1XZiuiVe%2BFFpkuzwGcDSdTWAWfWfEPvkqaxEa%2BuxXYZN4D%2BGiX7wsifsgfeUMh68AcWtLVwLYzNs3eTHf4Dtve4--MhX768pmcgiL2%2BrpS%2BBD4%2FkqGXMz20gco79XLVPotxXxCvF24NvwZIa3v7xtk0AymLc7AFdddEBQI4IDFkpl9%2Fe05EnS0EcHA6Ye40ErsW0%2BKOI1c%2FV26vKkFpPQTYRZN9R6F2fSgEln8Az5o2s%2BNN7KEPmPCSs9Mh7SSRJ5T1KPJLD2%2B3Eg%3D%3D
B,大友克洋 画集,Katsuhiro Otomo art book,20,Used OTOMO KATSUHIRO ARTWORK KABA2 JAPAN Art Book Akira Steamboy,307.98,56.67,Used,FIXED_PRICE,yorozu_japan,12736,99.6,JP,2022-11-03T07:26:52.000Z,Other Animation Merchandise/Collectibles/Animation Merchandise/Animation Art & Merchandise,v1|134312371734|0,https://www.ebay.com/itm/134312371734?_skw=Katsuhiro+Otomo+art+book&hash=item1f45a42616:g:qzsAAeSwM89qj~n3&amdata=enc%3AAQALAAAA8ACCtXRWQnOEpyOqnQQ8KGbwMmFsOqQ5Hst9FUUJp3KLBKboLpzpvTkYgiPzemjqGtMC7QS5sTDhGn%2FbnjfQq6LWWV8T8wfCyag5HdywqxVm2FL%2BEwB4vD9cI1oK0on8br58ESUUPzIl8mhv7B%2BtyX2MrzbJpGeZoNsALh%2BpL2KvrbsJLcMiTsLuzD87we8DuHCxZgAHI0GzFWWQ7nMW2zYhZbyLDGHg76gfECJGuBPJPUd3wZyZ6JvMyBunFoaA8gadQu%2BjYs5gxp9iyFtcw28U%2Bti1fCBM8pz1931XZ95iExit4PQ4593lktxjWlm4RQ%3D%3D
B,士郎正宗 画集,Masamune Shirow Intron Depot,1,"Masamune Shirow's Requiem Cold-Cast Statue: Limited Edition:  #1009 of 4,000",349.99,6.65,Used,FIXED_PRICE/BEST_OFFER,biggiemal,11,100.0,US,2026-08-02T22:34:44.000Z,Figures & Statues/Collectibles/Animation Merchandise/Animation Art & Merchandise,v1|327292356042|0,https://www.ebay.com/itm/327292356042?_skw=Masamune+Shirow+Intron+Depot&hash=item4c342505ca:g:Lb0AAeSwDCFqb7~j
B,諸星大二郎 画集,Daijiro Morohoshi,1,Vintage Japanese Manga Morohoshi Daijiro Selected Short Stories - Genyokan ni,372.85,16.00,Very Good,FIXED_PRICE,mochiribbonllc_japan,1016,100.0,JP,2026-06-28T11:17:37.000Z,Single Volumes/Collectibles/Comic Books & Memorabilia/Manga & Asian Comics,v1|398115938205|0,https://www.ebay.com/itm/398115938205?_skw=Daijiro+Morohoshi&hash=item5cb18f1f9d:g:jpIAAeSwmWhqQQLQ
B,丸尾末広 画集,Suehiro Maruo art book,1,Mr. ARASHI'S AMAZING FREAK SHOW-Suehiro Maruo-English S/C Graphic Novel-RARE!,425.0,0.00,Very Good,FIXED_PRICE/BEST_OFFER,jiggygato,73,97.1,US,2025-09-03T23:08:19.000Z,Single Volumes/Collectibles/Comic Books & Memorabilia/Manga & Asian Comics,v1|297586514933|0,https://www.ebay.com/itm/297586514933?_skw=Suehiro+Maruo+art+book&hash=item454989dbf5:g:EXsAAeSw3-tohoH2
B,丸尾末広 画集,Suehiro Maruo art book,2,Complete 8 Book Set GARO Monthly Manga Magazine 1997 Suehiro Maruo Toshio Saeki,387.59,0.00,,FIXED_PRICE/BEST_OFFER,naruto-japanese,977,98.8,JP,2026-07-03T06:50:00.000Z,Antiquarian & Collectible/Books & Magazines,v1|287434977178|0,https://www.ebay.com/itm/287434977178?_skw=Suehiro+Maruo+art+book&hash=item42ec75af9a:g:IXkAAeSwOvBqKEbW&amdata=enc%3AAQALAAAA8ACCtXRWQnOEpyOqnQQ8KGZTkN58en5Ku3%2FYIFR9D%2Ft9K6lER6Vv%2B21Sg%2FBs63%2FUCstr8pInJ1%2BbGXArP4%2BTrRT%2BJueDXym%2BBTDVolQBnmG%2Fh6lZ3c73ZUNoDJvi4iSN2d77Tnj3mtO7vtQXypjhrhPBT%2FBqmYTniHTjg7dOrgMEshGZHP8Ks7LOsbNBBdiBGqeV7vpI%2BZDAQgzK04dlavuXChCACMPP6JQ%2BiD36C72vuuv94jE%2FVwtGpVdzxgWfs%2F4jzXFGUARgoVpKYSextmkqag70gtkdkaoeXXPjE1KPXF%2BpJ0T8Hrp5o5Lstu0bpQ%3D%3D
B,丸尾末広 画集,Suehiro Maruo art book,3,Suehiro Maruo Art Maruo Graph Dx Iii,390.01,20.00,Used,FIXED_PRICE/BEST_OFFER,d.d.d.shop,26746,99.8,JP,2024-03-18T03:34:17.000Z,Other Animation Merchandise/Collectibles/Animation Merchandise/Animation Art & Merchandise,v1|386866323521|0,https://www.ebay.com/itm/386866323521?_skw=Suehiro+Maruo+art+book&hash=item5a1307a041:g:6O4AAeSwIF5quVHD
B,丸尾末広 画集,Suehiro Maruo art book,4,Vintage Japanese Manga Shojo Tsubaki by Suehiro Maruo (Seirindo) 1986,656.31,16.00,Very Good,FIXED_PRICE,mochiribbonllc_japan,1016,100.0,JP,2026-06-28T11:14:52.000Z,Single Volumes/Collectibles/Comic Books & Memorabilia/Manga & Asian Comics,v1|398115935767|0,https://www.ebay.com/itm/398115935767?_skw=Suehiro+Maruo+art+book&hash=item5cb18f1617:g:JGAAAeSwUtpqQQIr
B,丸尾末広 画集,Suehiro Maruo art book,5,Complete 8 Book Set GARO Monthly Manga Magazine 1997 Suehiro Maruo Toshio Saeki,368.59,0.00,,FIXED_PRICE/BEST_OFFER,naruto-japanese,977,98.8,JP,2026-07-11T01:19:15.000Z,Antiquarian & Collectible/Books & Magazines,v1|287453460846|0,https://www.ebay.com/itm/287453460846?_skw=Suehiro+Maruo+art+book&hash=item42ed8fb96e:g:IXkAAeSwOvBqKEbW
B,丸尾末広 画集,Suehiro Maruo art book,6,Toshio Saeki 70 1970  art book signed supreme Seiu Ito Suehiro Maruo wacko maria,1200.0,0.00,,FIXED_PRICE,houseofpucci,139,100.0,IT,2022-03-28T15:36:15.000Z,Antiquarian & Collectible/Books & Magazines,v1|185361450908|0,https://www.ebay.com/itm/185361450908?_skw=Suehiro+Maruo+art+book&hash=item2b2867479c:g:yZEAAOSwL0piQdOo
B,丸尾末広 画集,Suehiro Maruo art book,7,Toshio Saeki 70 1970 art book signed supreme Seiu Ito Suehiro Maruo wacko maria,1025.19,0.00,Nuovo,FIXED_PRICE,houseofpucci,139,100.0,IT,2022-03-28T16:04:26.000Z,Libri antichi e da collezione/Libri e riviste,v1|185361479010|0,https://www.ebay.com/itm/185361479010?_skw=Suehiro+Maruo+art+book&hash=item2b2867b562:g:EIoAAOSwtydiQdvd
B,丸尾末広 画集,Suehiro Maruo art book,8,40th Anniversary Maruograph DX Grandioso Ultimate art book by Suehiro Maruo,750.0,,Like New,FIXED_PRICE/BEST_OFFER,valora_28,202,99.0,US,2026-09-28T03:10:36.000Z,Books/Books & Magazines,v1|287613345924|0,https://www.ebay.com/itm/287613345924?_skw=Suehiro+Maruo+art+book&hash=item42f7176084:g:CkMAAeSwjhxqudpD
B,市川春子 画集(宝石の国),Haruko Ichikawa art book,1,Land of the Lustrous Manga Complete Vol 1-13 Set Art Book Special Edition Rare,399.0,60.00,Very Good,FIXED_PRICE/BEST_OFFER,maruyoshop,374,100.0,JP,2026-07-23T21:26:49.000Z,Single Volumes/Collectibles/Comic Books & Memorabilia/Manga & Asian Comics,v1|366561442730|0,https://www.ebay.com/itm/366561442730?_skw=Haruko+Ichikawa+art+book&hash=item5558c3bbaa:g:Hw8AAeSwGjJqYoRt
B,市川春子 画集(宝石の国),Haruko Ichikawa art book,2,Land of the Lustrous Concept Art Works Book Anime Houseki no Kuni Used Japan,310.0,50.00,Used,FIXED_PRICE,japan_shop_samurai,2111,99.9,JP,2025-10-05T00:25:52.000Z,Other Animation Merchandise/Collectibles/Animation Merchandise/Animation Art & Merchandise,v1|397124181132|0,https://www.ebay.com/itm/397124181132?_skw=Haruko+Ichikawa+art+book&hash=item5c76721c8c:g:AKcAAeSwDahpOWOU&amdata=enc%3AAQALAAAA8ACCtXRWQnOEpyOqnQQ8KGaWFfJ79f9uB5ZCQv0ury%2BcuaAZFvKKXpgNZaa%2B%2BOIv4VsJpOKFHzg29J%2FwORP5WsgD1TxZyAr4sAtyLuQOiFkJ1W2j9Gloh0eBcJ7zjfIQuF9JcHgEKRnJAu1FKa3IFxkBErrkSGwSwHv6owO2%2B2edd497tdC9Ajcby59yayxNOpCOLQN9YnJphJEJTDAT8iURlqFZlXoeUS8VPx3%2Fq%2B4GFM%2BDgIfDD5KyFBnVCrx%2BGgnJ%2FQiRiG2geq724rKVI2JS3lNi4FJ5EILrKb6HNr9JFZ9P9olVGNSB7FTTW84lrw%3D%3D
B,安倍吉俊 画集,Yoshitoshi ABe art book,1,Yoshitoshi ABE - Darkness - 20th Anniversary Art Book,376.7,0.00,Very Good,FIXED_PRICE/BEST_OFFER,jpshownin81,1378,100.0,JP,2025-11-02T13:12:10.000Z,Books/Books & Magazines,v1|365958847546|0,https://www.ebay.com/itm/365958847546?_skw=Yoshitoshi+ABe+art+book&hash=item5534d8dc3a:g:LKQAAeSwXPhpB1vF
B,安倍吉俊 画集,Yoshitoshi ABe art book,2,Serial Experiments Lain - Yoshitoshi ABe Art Book,339.61,0.00,Very Good,FIXED_PRICE/BEST_OFFER,jpshownin81,1378,100.0,JP,2025-11-02T13:12:10.000Z,Books/Books & Magazines,v1|365958847548|0,https://www.ebay.com/itm/365958847548?_skw=Yoshitoshi+ABe+art+book&hash=item5534d8dc3c:g:IGcAAeSwL9lpB1u0&amdata=enc%3AAQALAAAA8ACCtXRWQnOEpyOqnQQ8KGbhZ91g%2FF%2FZ5hQMHt6BiOE7z5t68M1GA%2F8EqsCfzx24EoozNZxKHkZC0zHAPlFXhrkyovh94a242KvdqtB6aKSSNKU3Ym6ISfjoR4i%2FEVD5Ydu9mHT2sL6MJRED9sPIItZRN6NsEiCsJ297BH3AsFH%2B9b%2BCJSVb0vTLO5Fx0Hh8GoO4GWscSyuTNvLNvRdMweGzzmvPAFTj%2Fb5v%2BZStJPvnRTPeYV9Z%2B7InFyDRZZ2RJGOc83D1djvTaBGQzBDs5Um1fpz7Bt4OTQQDMYgZQlxuYGtRfZmFp4kYjder5UOUBw%3D%3D
B,安倍吉俊 画集,Yoshitoshi ABe art book,3,Texhnolyze Original Setting Art Book Yoshitoshi Abe,308.12,0.00,Used,FIXED_PRICE,kaunaratokyo,384,100.0,JP,2026-09-14T09:43:34.000Z,Other Animation Merchandise/Collectibles/Animation Merchandise/Animation Art & Merchandise,v1|398393332040|0,https://www.ebay.com/itm/398393332040?_skw=Yoshitoshi+ABe+art+book&hash=item5cc217d148:g:mtMAAeSwtLZqp8IG&amdata=enc%3AAQALAAAA8ACCtXRWQnOEpyOqnQQ8KGaiplsIG8e1NpHfhh4QutkxSZQiwEYDrL2iG7S1EiT1%2B7KWGCHSH5XIw1xmAnvSKhamfN7m73nCj5b32voEXRbhufzDJXa5L6XkQFNMtliuT%2FvDV%2BvLTxj1f3mIXR4%2FU5F2NhKpzO4zrNP%2FKmgq2Jx13%2FH0qJjMNKda9y31ANCNoey%2FWiwmhAxBJb%2BwtRy8ULAUFL%2BGe0lskOa%2FtHVfhR2InzMEb9yAZ9bkLu7Ty5fY%2BsAusZ3sg09c5knf%2FExy8WgiNDTJM6B6PStOsgtAupSfe50L%2FcQ3j2qd77iu3G%2Flyg%3D%3D
B,安倍吉俊 画集,Yoshitoshi ABe art book,4,BREAK THE BORDER Yoshitoshi Abe serial experiments lain fan art book anime mz,469.92,25.00,Good,FIXED_PRICE/BEST_OFFER,chiimah0,460,98.1,JP,2025-12-11T00:51:38.000Z,Books/Books & Magazines,v1|136837955088|0,https://www.ebay.com/itm/136837955088?_skw=Yoshitoshi+ABe+art+book&hash=item1fdc2d7e10:g:C6oAAeSwKUlpOhU2&amdata=enc%3AAQALAAAA8ACCtXRWQnOEpyOqnQQ8KGYQ7%2Bq%2BU0Lt6kY3KZgyb%2F7x1sSnQIlE4wEbu9Q9ilmjv%2BnWOeqshxZ0vJuwy0GdVKXLQJXuoGAYfCYnzlMYTTX5ASEHz6t0oAjOIyiD4tpKK1ezNpWTvL1%2FdWAA5mm4FV%2FCLeH1bHuF2wlyLoa0Q%2B%2BRr2wjwJ0%2FV2eXav8DKCxUjuyfIR4RY1YEKpUA4MBnVN26nHNUdjU41bKWvTnUvdaqrl%2BWgf7fAFME2pqcr8foAHLUKbx5HBpDyljYEFYuuO%2BUbt8lfVVFjFFwcTw%2FruwcjL1Zk0vTv%2Bm4iHDcT%2F5g9A%3D%3D
B,安倍吉俊 画集,Yoshitoshi ABe art book,5,Yoshitoshi Abe Serial Experiment Lain Illustrations Limited Ed English Art Book,899.99,0.00,Good,FIXED_PRICE/BEST_OFFER,thejudbud,9639,100.0,US,2024-08-14T20:11:23.000Z,Single Volumes/Collectibles/Comic Books & Memorabilia/Manga & Asian Comics,v1|116290477911|0,https://www.ebay.com/itm/116290477911?_skw=Yoshitoshi+ABe+art+book&hash=item1b1373df57:g:1rYAAOSwKKFmvQ79
B,安倍吉俊 画集,Yoshitoshi ABe art book,6,"Yoshitoshi ABe Lain Illustrations - Limited Edition in English, slipcase",399.0,30.00,Good,FIXED_PRICE/BEST_OFFER,kozo98,1,100.0,LT,2026-08-30T10:53:30.000Z,Single Volumes/Collectibles/Comic Books & Memorabilia/Manga & Asian Comics,v1|377457686175|0,https://www.ebay.com/itm/377457686175?_skw=Yoshitoshi+ABe+art+book&hash=item57e23b369f:g:CcMAAeSwUjRqlAjG
B,安倍吉俊 画集,Yoshitoshi ABe art book,7,Yoshitoshi Abe lain Illustrations rebuild an omnipresence in wired art book,559.07,39.00,Used,FIXED_PRICE/BEST_OFFER,stand_29,3420,99.5,JP,2023-02-18T14:24:14.000Z,Other Animation Merchandise/Collectibles/Animation Merchandise/Animation Art & Merchandise,v1|155415281010|0,https://www.ebay.com/itm/155415281010?_skw=Yoshitoshi+ABe+art+book&hash=item242f78fd72:g:7fYAAOSwYClgazsH
B,安倍吉俊 画集,Yoshitoshi ABe art book,8,BREAK THE BORDER Yoshitoshi Abe Anthology Art Book Illustrations Hardcover,306.17,80.00,Used,FIXED_PRICE/BEST_OFFER,matsuri-japan-store,1758,100.0,JP,2026-04-01T01:15:43.000Z,Other Japanese Collectibles/Collectibles/Cultures & Ethnicities/1900-Now/Japanese/Asian,v1|397786169052|0,https://www.ebay.com/itm/397786169052?_skw=Yoshitoshi+ABe+art+book&hash=item5c9de73edc:g:9vAAAeSwh91pzHJ1
B,安倍吉俊 画集,Yoshitoshi ABe art book,9,An omnipresence in wired lain Art book Yoshitoshi ABe serial experiments lain,313.5,0.00,Used,FIXED_PRICE/BEST_OFFER,hd_store_jp,2272,99.7,JP,2022-11-22T11:12:03.000Z,Other Animation Merchandise/Collectibles/Animation Merchandise/Animation Art & Merchandise,v1|125624745528|0,https://www.ebay.com/itm/125624745528?_skw=Yoshitoshi+ABe+art+book&hash=item1d3fd17e38:g:MbsAAOSwPLljVJfO
B,安倍吉俊 画集,Yoshitoshi ABe art book,10,Texhnolyze Setting Concept Art Book by Yoshitoshi Abe,348.2,70.00,Used,FIXED_PRICE,myrica.japan.market,20,100.0,JP,2026-09-19T01:38:48.000Z,Other Animation Merchandise/Collectibles/Animation Merchandise/Animation Art & Merchandise,v1|158307704474|0,https://www.ebay.com/itm/158307704474?_skw=Yoshitoshi+ABe+art+book&hash=item24dbdfde9a:g:Nr8AAeSw52lqreem
B,安倍吉俊 画集,Yoshitoshi ABe art book,11,Yoshitoshi Abe lain illustrations ab# rebuild omnipresence wired artbook,364.71,70.00,Used,FIXED_PRICE,myrica.japan.market,20,100.0,JP,2026-09-24T21:06:11.000Z,Other Animation Merchandise/Collectibles/Animation Merchandise/Animation Art & Merchandise,v1|158334714449|0,https://www.ebay.com/itm/158334714449?_skw=Yoshitoshi+ABe+art+book&hash=item24dd7c0251:g:LKkAAeSw9UpqtZC~
B,安倍吉俊 画集,Yoshitoshi ABe art book,12,Yoshitoshi ABe Lain Illustrations art book 4898294871,461.68,29.80,Used,FIXED_PRICE/BEST_OFFER,ceresty2014japan,10506,99.8,JP,2019-04-16T12:00:58.000Z,Other Animation Merchandise/Collectibles/Animation Merchandise/Animation Art & Merchandise,v1|173874803355|0,https://www.ebay.com/itm/173874803355?_skw=Yoshitoshi+ABe+art+book&hash=item287bbef29b:g:YEgAAOSw3WxaOSgV
B,安倍吉俊 画集,Yoshitoshi ABe art book,13,JAPAN Yoshitoshi ABe serial experiments lain Art book: an omnipresence in wired,345.68,29.80,Used,FIXED_PRICE/BEST_OFFER,ceresty2014japan,10506,99.8,JP,2019-06-10T03:34:50.000Z,Other Animation Merchandise/Collectibles/Animation Merchandise/Animation Art & Merchandise,v1|173928537753|0,https://www.ebay.com/itm/173928537753?_skw=Yoshitoshi+ABe+art+book&hash=item287ef2de99:g:Fx0AAOSw6DtYUEVK
B,安倍吉俊 画集,Yoshitoshi ABe art book,14,Yoshitoshi Abe lain illustrations: ab# rebuild an omnipresence in wired Art Book,326.87,62.11,Used,FIXED_PRICE,japanesehappinessshop,1993,96.9,JP,2023-09-26T04:12:48.000Z,Other Animation Merchandise/Collectibles/Animation Merchandise/Animation Art & Merchandise,v1|195999872392|0,https://www.ebay.com/itm/195999872392?_skw=Yoshitoshi+ABe+art+book&hash=item2da280b588:g:RuUAAOSwLgJl3wQd&amdata=enc%3AAQALAAAA8ACCtXRWQnOEpyOqnQQ8KGaKc6tsRsTBIsjWBftFirRA1cnQpDaU%2FZKoAA%2BeHEkRDpEGErs%2FjzTpy9BLF39TC1Ok9NGhMswPJw5%2BMKYRb%2BZJryfPWHZmcJN6Q%2FDLoknnNeH1MjoqbOHN1w4m1iSguRHhX8wq8f9mZjfpOFINHWSPI05B1A36KdNtRajBYZHXQsWtg4EubQ7YpJY2xwFSpaX2aKb7RhqidtoNDaVVw1lmeNHIxoDxAVow5VKDBAY91RxwgIV%2BArhCPPR3lFgeN7Yw4MzTDJahSbHi9DzppkV4bZ12uHUflQa4U2U1ezVB%2BQ%3D%3D
B,安倍吉俊 画集,Yoshitoshi ABe art book,15,"an omnipresence in wired ""lain"" Yoshitoshi ABe Art Book -Fukkoku-ban- Japan 2018",346.84,21.80,Good,FIXED_PRICE/BEST_OFFER,ceresty2014japan,10506,99.8,JP,2019-04-06T14:43:19.000Z,Magazines/Books & Magazines,v1|173864746272|0,https://www.ebay.com/itm/173864746272?_skw=Yoshitoshi+ABe+art+book&hash=item287b257d20:g:BLoAAOSwihVcA3~6
B,村田蓮爾 画集,Range Murata art book,1,Robot Vol.4 Art Book by Range Murata w/ Autograph - First Edition (2005),500.0,30.00,Very Good,FIXED_PRICE,pamdamenter,125,100.0,JP,2025-05-26T17:31:07.000Z,Comics & Graphic Novels/Collectibles/Comic Books & Memorabilia/Comics,v1|405900382054|0,https://www.ebay.com/itm/405900382054?_skw=Range+Murata+art+book&hash=item5e818c4f66:g:nNAAAOSwxU5oNKBv
B,村田蓮爾 画集,Range Murata art book,2,"All 10 Set Range Murata""robot"" Shou Tajima Hiroyuki Asada Miggy Book Japan s:30",341.5,64.99,Very Good,FIXED_PRICE/BEST_OFFER,atelierkiyoi2,305,100.0,JP,2026-03-31T11:01:15.000Z,Books/Books & Magazines,v1|206179799797|0,https://www.ebay.com/itm/206179799797?_skw=Range+Murata+art+book&hash=item30014612f5:g:atEAAeSwJHtpy6l4&amdata=enc%3AAQALAAAA8ACCtXRWQnOEpyOqnQQ8KGaaGXF5P5x2qtnEW3l2HB2RhJ%2FjKk4eSwwx4G3NlHfnwoD%2FwAOb%2FwaxKpwFozsXfu4gYvb%2BFy%2BCGOP%2Fn0eOwaQ8wTuNjurYGWumDze2dPRQvVY5Ug2slGr1UNkCCFN2HB8ryiQCvdfmttXH4KJ82oRjuHQwAK3DM4V2ISA3TPnEmiI79HhhJbxLs%2BrflFiTu1NgjKTwn5uWm956gcN4wwJ9%2B33u47MQYTkRuQ%2FknTDGEk9KvTlo9WGMK7%2Ft%2BDimHYJl2H2wIX2Z%2BFN031TjoUL0M7IheOaXFELB4fK1yy%2BSng%3D%3D
C,松本大洋 サイン/原画,Taiyo Matsumoto signed,1,"First edition, out of print, rare: Taiyo Matsumoto STRAIGHT",306.76,90.00,Used,FIXED_PRICE/BEST_OFFER,mikan-koneko.tokyo,1323,99.5,JP,2026-04-15T03:56:42.000Z,Art Prints/Art,v1|227301253296|0,https://www.ebay.com/itm/227301253296?_skw=Taiyo+Matsumoto+signed&hash=item34ec35e0b0:g:CvkAAeSw9fpp3wz1
C,弐瓶勉 サイン/原画,Tsutomu Nihei signed,1,BLAME! Master Edition Vol 1 SIGNED by Tsutomu Nihei Autograph Vertical Comics,450.0,,Like New,FIXED_PRICE/BEST_OFFER,ashuuton,594,100.0,US,2026-09-19T03:55:14.000Z,Single Volumes/Collectibles/Comic Books & Memorabilia/Manga & Asian Comics,v1|206566737670|0,https://www.ebay.com/itm/206566737670?_skw=Tsutomu+Nihei+signed&hash=item3018564706:g:0YwAAeSwWKNqfz89
C,弐瓶勉 サイン/原画,Tsutomu Nihei signed,2,Nihei Tsutomu Blame Art Book Signed Autograph Rare Very Good Condition,568.61,140.00,Used,FIXED_PRICE/BEST_OFFER,matsuri-japan-store,1758,100.0,JP,2026-09-07T03:23:29.000Z,Other Animation Merchandise/Collectibles/Animation Merchandise/Animation Art & Merchandise,v1|398367750064|0,https://www.ebay.com/itm/398367750064?_skw=Tsutomu+Nihei+signed&hash=item5cc09177b0:g:HRkAAeSwpN5qni8U
C,弐瓶勉 サイン/原画,Tsutomu Nihei signed,3,Knights of Sidonia Tsutomu Nihei autographed postcard Toa Heavy Industries BLAME,541.49,20.00,Used,FIXED_PRICE/BEST_OFFER,samuraiheike,2872,99.6,JP,2024-08-03T06:56:29.000Z,Other Animation Merchandise/Collectibles/Animation Merchandise/Animation Art & Merchandise,v1|266933806828|0,https://www.ebay.com/itm/266933806828?_skw=Tsutomu+Nihei+signed&hash=item3e267ea6ec:g:0OoAAOSwrHNmrdRC
C,鶴田謙二 サイン/原画,Kenji Tsuruta signed,1,Yowamushi Pedal original illustrations Fukutomi and Arakita signed Watanabe f396,934.08,20.00,Used,FIXED_PRICE/BEST_OFFER,samuraiheike,2872,99.6,JP,2025-08-16T07:36:29.000Z,Other Animation Merchandise/Collectibles/Animation Merchandise/Animation Art & Merchandise,v1|267369181124|0,https://www.ebay.com/itm/267369181124?_skw=Kenji+Tsuruta+signed&hash=item3e4071efc4:g:Ad8AAeSwrmhooDTS
C,寺田克也 原画/ドローイング,Katsuya Terada original drawing,1,"Bazal, Ángel/ Fearmonger. Tribute to Katsuya Terada. 11,7x16,5in. COA Included.",595.0,36.00,New,FIXED_PRICE/BEST_OFFER,angelbazal_art,21,100.0,ES,2025-11-23T04:06:29.000Z,Original Comic Art/Collectibles/Comic Books & Memorabilia,v1|397309075336|0,https://www.ebay.com/itm/397309075336?_skw=Katsuya+Terada+original+drawing&hash=item5c81775f88:g:f7MAAeSwyRdpIoc2
C,寺田克也 原画/ドローイング,Katsuya Terada original drawing,2,Katsuya Terada Poster Book 1999-2000 Limited #772/10000 Complete Box w Sculpture,1499.0,0.00,Used,FIXED_PRICE/BEST_OFFER,la44b-vintage-and-antiques,13,100.0,US,2026-04-16T07:28:15.000Z,Other Animation Merchandise/Collectibles/Animation Merchandise/Animation Art & Merchandise,v1|236759573441|0,https://www.ebay.com/itm/236759573441?_skw=Katsuya+Terada+original+drawing&hash=item371ff863c1:g:4egAAeSw3uFp4I3W
C,寺田克也 原画/ドローイング,Katsuya Terada original drawing,3,Katsuya Terada Reproduction Original Louvre Disappearance No.9 Exhibition,703.89,0.00,Used,FIXED_PRICE,nex_tokyo,879,100.0,JP,2026-05-28T08:26:15.000Z,Other Animation Merchandise/Collectibles/Animation Merchandise/Animation Art & Merchandise,v1|800083433683|0,https://www.ebay.com/itm/800083433683?_skw=Katsuya+Terada+original+drawing&hash=itemba48b058d3:g:txkAAeSwXk5qF~q9
C,寺田克也 原画/ドローイング,Katsuya Terada original drawing,4,Katsuya Terada Signed Shikishi Board Original Art Katusya Terada Sketch Rare!,499.99,,Used,FIXED_PRICE/BEST_OFFER,buy_my_random_bulk,2297,100.0,US,2024-08-07T21:49:08.000Z,Other Animation Merchandise/Collectibles/Animation Merchandise/Animation Art & Merchandise,v1|116282573937|0,https://www.ebay.com/itm/116282573937?_skw=Katsuya+Terada+original+drawing&hash=item1b12fb4471:g:8REAAOSw~G9ms-vG
C,寺田克也 原画/ドローイング,Katsuya Terada original drawing,5,Katsuya Terada All,318.14,25.00,Like New,FIXED_PRICE/BEST_OFFER,kimisa-15,714,99.8,JP,2026-09-10T13:18:20.000Z,Books/Books & Magazines,v1|237061188226|0,https://www.ebay.com/itm/237061188226?_skw=Katsuya+Terada+original+drawing&hash=item3731f2aa82:g:0RcAAeSwnotqorT5
C,大友克洋 サイン/原画,Katsuhiro Otomo signed,1,Katsuhiro Otomo SIGNED Akira 2018 Hypefest Poster W / Tetsuo Joshua Seth,1200.0,,,FIXED_PRICE/BEST_OFFER,collectiblegempire,1551,99.9,US,2026-03-04T07:13:58.000Z,Posters/Autographs-Original/Movies/Entertainment Memorabilia,v1|157724644825|0,https://www.ebay.com/itm/157724644825?_skw=Katsuhiro+Otomo+signed&hash=item24b91f15d9:g:5y4AAeSwZQRpp9t2
C,大友克洋 サイン/原画,Katsuhiro Otomo signed,2,Akira UMD Video signed/autographed by Johnny Yong Bosch Kaneda RARE PSP movie,419.99,0.00,Very Good,FIXED_PRICE/BEST_OFFER,ps_plays,32,100.0,US,2026-06-21T01:18:33.000Z,UMDs/Movies & TV,v1|800215943995|0,https://www.ebay.com/itm/800215943995?_skw=Katsuhiro+Otomo+signed&hash=itemba50964b3b:g:VFkAAeSwV~FqNzul&amdata=enc%3AAQALAAAA8ACCtXRWQnOEpyOqnQQ8KGY14Vsx50i33iEFIHrp8ZdQKN9u7w4nTJI9b3fUIB%2FGcCW2%2Fm7cDlMGV3DpBu%2B3t18jf3BAD790rzwxsn2dkAn8TsCXTz%2FFhBxjjin5we2vPNU8W94vW47UMwLYURp3MfCv2PNPmWI0%2F336fGgv6e5kHDnLMnm3URaVsHbe6NrnzeGOHPvyZCmVkZoCP2i3ytQHMew8GNsGO8fEw%2BP9jvgvJAPOAm2NRaPumQ%2FleaPxZZSZwTX7DlFoe%2F3o2A8wOCz2E%2BA7pT%2B7gyFftJhnR5qHYN4jzGI3NkR0tB6DSVd1PQ%3D%3D
C,大友克洋 サイン/原画,Katsuhiro Otomo signed,3,Akira Art Wall Calendar *Hypefest Only* Katsuhiro Otomo Kosuke Kawamura Signed ,1000.0,0.00,New,FIXED_PRICE/BEST_OFFER,infamousnewyork,247,100.0,US,2023-07-05T05:43:13.000Z,Other Animation Merchandise/Collectibles/Animation Merchandise/Animation Art & Merchandise,v1|295800439724|0,https://www.ebay.com/itm/295800439724?_skw=Katsuhiro+Otomo+signed&hash=item44df1483ac:g:cosAAOSwLtFmfaGX
C,大友克洋 サイン/原画,Katsuhiro Otomo signed,4,Akira Volume 1 First Edition Otomo Manga Japan Comic,323.86,0.00,Like New,FIXED_PRICE,miyabi-24,3842,99.6,JP,2026-09-08T11:27:36.000Z,Books/Books & Magazines,v1|298655916223|0,https://www.ebay.com/itm/298655916223?_skw=Katsuhiro+Otomo+signed&hash=item458947a0bf:g:9KoAAeSw4I9qoIUc
C,大友克洋 サイン/原画,Katsuhiro Otomo signed,5,MOEBIUS ARZACH MADE IN USA 1994 Hayao Miyazaki Katsuhiro Otomo Part 3 SE1215,450.64,55.00,Very Good,FIXED_PRICE/BEST_OFFER,banzai-tokyo.labo,2573,98.1,JP,2026-05-08T05:46:12.000Z,Books/Books & Magazines,v1|198339495485|0,https://www.ebay.com/itm/198339495485?_skw=Katsuhiro+Otomo+signed&hash=item2e2df4863d:g:RpoAAeSwZLVp~Xji
