sku,min_images,low_sites,all_sites_low,site_count,unchecked_sites,title,low_item_ids
004,1,US:1,YES,1,0,Persona 3 Reload Episode Aegis Original Soundtrack AGM-007 First Limited CD Used,377521044383
015,1,US:1,YES,1,0,One Piece Base Shop Ichiban Kuji 366 Days Luffy Full Color Figure New Unopened,377511842144
022,1,US:1,YES,1,0,Jujutsu Kaisen Sanrio Collab Kento Nanami Pompompurin Plush Doll New from Japan,377459274119
056,1,US:1,YES,1,0,MegaHouse Look Up Jujutsu Kaisen Satoru Gojo Suguru Geto High School ver Figure,377464348635
058,1,US:1,YES,1,0,Zoids Generations Liger Red Hiou ZGe-004 1/72 Model Kit Takara Tomy Unassembled,377489614879
081,1,US:1,,2,0,Hololive 6th Fes. Color Rise Harmony Blu-ray Box Used Very Good from Japan,377518415549
1000,1,US:1,YES,1,0,Fate/EXTRA Plush Doll Tamamo no mae Caster Figure Gift Used Very Good Condition,377485507091
1031,1,US:1,YES,1,0,Warhammer 40k Emperors Children Fulgrim Daemon Primarch 37-06 New Sealed,377527738324
1055,1,US:1,YES,1,0,Hajime Namiki - Pine Tree 1 B - Woodblock Print Signed and Stamped Brand New,377507104176
1057,1,US:1,YES,1,0,Fire Emblem Warriors: Three Hopes Original Soundtrack CD 4 Post Card Used,377532301672
1071,1,US:1,YES,1,0,Octopath Traveler Music Box Character Dot Main Theme Song Toy Square Enix Used,377504794801
1074,1,US:1,YES,1,0,Uma Musume Pretty Derby Manhattan Cafe Agnes Tachyon Plush 2 Set New Unused,377464334811
1098,1,US:1,YES,1,0,Ghibli Museum ART OF GHIBLI KiKi's Delivery Service Art Frame New Unused,377467118902
1107,1,US:1,YES,1,0,Disney Twisted Wonderland Azul Ashengrotto Octavinelle 1/8 Figure Aniplex,377489614882
1109,1,US:1,YES,1,0,YU-GI-OH! Day Evil Twin Official Playmat Konami New Unopened from Japan,377474014366
1118,1,US:1,YES,1,0,1/144 HG 7-Eleven Clear Color Set Mobile Suit Gundam 2011 Used Very Good,377482652072
1127,1,US:1,YES,1,0,Hololive Hajime Todoroki Birthday 2024 Plush Keychain Only New Unused Japan,377510142960
1138,1,US:1,YES,1,0,Gyakuten Saiban Art Book Visual Book Ace Attorney Investigation Japanese Used,377527738338
1161,1,US:1,YES,1,0,Star Trek LASERDISC Space Operation TV Complete 3 BOX All 79 Episodes Used,377525913245
1164,1,US:1,YES,1,0,Harmful Park: High Brown Gag & Pure Shooting PlayStation Used Good Condition,377518520394
120,1,US:1,YES,1,0,Auto Focus Eyewear 01 Vixion Zero One Glasses Type Wearable Black Used Near Mint,377491989650
1206,1,US:1,YES,1,0,Manual Strapping Tool GS4EH-E for Strapping Bands with Tightening Adjust Panduit,377510142949
1210,1,US:1,YES,1,0,ONE PIECE TO BE CONTINUED Ichiban Kuji THE GIGANT NAME New Unopened from Japan,377523137874
122,1,US:1,YES,1,0,KATO 3-516 HO Gauge E5 Series Shinkansen Hayabusa 4 Car Basic Set JR East Used,377469499658
1222,1,US:1,YES,1,0,Kotobukiya XFA-27 For Modelers Edition Ace Combat Infinity 1/144 Kit New,377525906702
1227,1,US:1,YES,1,0,BEYBLADE X UX-00 Dran Buster 1-60A Color Choice Booster Violet New Unused,377527484707
1302,1,US:1,YES,1,0,Zutto Mayonaka De Iinoni GUSARE ZUTOMAYO 2LP Vinyl Record Limited Edition New,377504794784
1338,1,US:1,YES,1,0,Ado Usseewa BIG 12in 30cm Plush Doll Open Mouth Taito Prize Used Very Good,377507104174
1344,1,US:1,YES,1,0,Danzig / Danzig US Original LP Official Vinyl Album DEF 24208 Def American Used,377485511139
1362,1,US:1,YES,1,0,Kazuo Shinohara Complete Works Architecture Art Book TOTO Japan New Unopened,377516389616
1411,1,US:1,YES,1,0,Final Fantasy VII REMAKE Mini Figure Cloud Strife Square Enix Used Very Good,377529921226
1490,1,US:1,YES,1,0,Digimon Tamers D-ARK ver. Takato Matsuda ULTIMATE Super Complete Selection New,377477781659
1498,1,US:1,YES,1,0,Pokemon Center Fukuoka Ippudo Arita Ware Ramen Bowl Red & White Set of 2 New,377485511162
1510,1,US:1,YES,1,0,MINI GT VeilSide Nissan Skyline GT-R R32 Combat C-I Gold Chrome 1/64 35th New,377493855824
1526,1,US:1,YES,1,0,Demon Slayer The movie Infinity Castle Movie Ticket Card Complete Set of 8 Used,377510142964
1569,1,US:1,YES,1,0,Toy Story 30th Anniv Figure Set of 3 Woody KABUTO Jessie KIMONO Buzz NINJA New,377469499665
159,1,US:1,YES,1,0,Konatsuya Negora Ryudora Fun Set 2024 Cat Daruma Soft Vinyl Sofubi Unopened,377467118909
1616,1,US:1,YES,1,0,Hazbin Hotel Season 2 Trading Cards 23/60 HUMAN ALASTOR Rare from Japan,377482659998
162,1,US:1,YES,1,0,Max Factory figma Girls' Frontline Dolls' Frontline UMP45 Action Figure Unopened,377496197069
1649,1,US:1,YES,1,0,The Blue Hearts Single Record Box Set 17 Vinyl Sonosheet Numbered Japan New,377501879949
1693,1,US:1,YES,1,0,AVANTI Idol Horse Matikanefukukitaru Plush Racehorse 5S Size w/ Tag Japan,377529921232
1703,1,US:1,YES,1,0,Medicos Chozokado Guido Mista and Sex Pistols JoJo Part 5 Figure Reissue,377474161332
1710,1,US:1,YES,1,0,KISS Retro 12 inch Figure Set with Mini Concert T-Shirts Vintage,377480319542
1711,1,US:1,YES,1,0,Bandai Chogokin GD-57B Mechagodzilla 2004 Black Version Tokyo SOS Japan,377480313613
1712,1,US:1,YES,1,0,Popy Chogokin Mechagodzilla Vintage Diecast Figure Japan,377480316269
1738,1,US:1,YES,1,0,SHODO SUPER Denshi Sentai Denziman Bandai Candy Toy Figure,377491989635
1740,1,US:1,YES,1,0,Art Storm Fewture EX Gokin Ultra Hawk No.3 Ultraseven Future Model,377491989646
1752,1,US:1,YES,1,0,VOLKS Dollfie Dream DD DDS Snow Miku Tancho Miko Costume Set Hatsune Miku,377496195918
1755,1,US:1,YES,1,0,Isul BUCK-TICK Yutaka Higuchi Groove Doll I-953 Show After Dark 2021 Sealed,377496195920
1769,1,US:1,YES,1,0,Uma Musume Sakura Laurel AVANTI Idol Horse Plush All Comers Ver 5S,377504794795
1770,1,US:1,YES,1,0,Uma Musume Taiki Shuttle AVANTI Idol Horse Plush Sprinters Stakes Ver S,377504794775
1776,1,US:1,YES,1,0,Bandai Ikimono Daizukan Ultimate Ryujin Centipede Figure,377511839376
1784,1,US:1,YES,1,0,X-Plus DefoReal Mothra Larva 1961 Figure,377511842141
1839,1,US:1,YES,1,0,Starbucks Been There Series Japan Mug 11 Set Regional Limited Ceramic Cup New,377468043658
1846,1,US:1,YES,1,0,TOMIX 92962 N Gauge Sayonara Fuji Hayabusa Sleeper Express 14 Series Set Japan,377469989949
1849,1,US:1,YES,1,0,Arthur Rubinstein The Chopin Collection Complete Classical Piano CD Box Japan,377469989205
1851,1,US:1,YES,1,0,Herbert von Karajan 1970s Deutsche Grammophon Classical CD Box Set Japan Import,377469989210
187,1,US:1,YES,1,0,Nendoroid 1322 Death Stranding Cliff DX Edition Figure Good Smile Company New,377525913250
194,1,US:1,YES,1,0,Excellent Model CAPCOMANIAX 2 Felicia Darkstalkers Megahouse New Unopened Japan,377464348647
206,1,US:1,YES,1,0,Hololive Houshou Marine 1st Live Ahoy!! You are All Pirates Blu-ray Unopened,377527736992
222,1,US:1,YES,1,0,Panty & Stocking with Garterbelt Galaxxxy Twin Pack Figure New Unopened Japan,377523402504
281,1,US:1,YES,1,0,Shiina Ringo Sheena Muzai Moratorium 2LP 180g Vinyl 2023 Reissue Limited New,377498767041
291,1,US:1,YES,1,0,Ensemble Stars!! Shu Itsuki Itsunui Living Together Plush Doll New Unopened,377477792306
309,1,US:1,YES,1,0,Yosuga no Sora Sora Kasugano Plush 17cm + Plush Mascot Keychain 15cm Set New,377163176196
310,1,US:1,YES,1,0,ThatSkyShop Sky x AURORA Doll Plush Set Sky Children of the Light New Unused,377480316261
312,1,US:1,YES,1,0,1/72 Su-33 Flanker D Ace Combat Yellow 13 Ace Combat Series SP312 Unassembled,377474161340
331,1,US:1,YES,1,0,The Rising of the Shield Hero Raphtalia Hot Spring ver 1/7 Scale Figure Opened,377485511168
334,1,US:1,YES,1,0,Kingdom Hearts 20th Anniversary Plate Collection Complete BOX Set of 8 Used,377532449512
343,1,US:1,YES,1,0,Toho 30cm Series Yuji Sakai Godzilla 1995 Hong Kong Landing Clear Orange Used,377504794778
344,1,US:1,YES,1,0,Nendoroid Doll Hua Cheng Heaven Official's Blessing Good Smile Shanghai Unopened,377482652070
346,1,US:1,YES,1,0,Bandai CSM Henshin Belt Arcle ver. 25th Kamen Rider Kuuga Box Opened Unused,377477792303
441,1,US:1,YES,1,0,Zoids Generations Liger Blue Souga Custom Parts Resin Cast Model Kit Used,377482660080
522,1,US:1,YES,1,0,KATO N Gauge C11 171 SL Winter Wetlands Train Set 14 Series 10-1958 Model Used,377469499661
536,1,US:1,YES,1,0,Arthur Rubinstein The Complete Album Collection 142CD 2DVD Deluxe Box Near Mint,377516389617
542,1,US:1,YES,1,0,Pokemon Tale Picture Book Little Ghost Haunter Japanese Vintage Used Very Good,377498764252
555,1,US:1,YES,1,0,Gift Fate Stay Night Heaven's Feel Plush Doll Avenger Jeanne d'Arc Alter Used,377516389606
565,1,US:1,YES,1,0,Phat Company Uma Musume Pretty Derby RUN & WIN Nice Nature 1/7 Scale Figure Used,377493864294
571,1,US:1,YES,1,0,Pokemon Pikachu Milano Cortina 2026 Olympics Media Pin Badge TV Tokyo New,377482651305
577,1,US:1,YES,1,0,30MS Rishetta Alpha Sisters Phantasm Ver. HYPER PLAMO Fes 2024 COLOR Unassembled,377507104175
644,1,US:1,YES,1,0,Transformers Beast Wars X-7 Elphaorpha Action Figure Takara Used Good Condition,377525293188
659,1,US:1,YES,1,0,Jujutsu Kaisen Toji Fushiguro Naoya Zenin Jump Festa 2023 Plush Mascot Used,377474161334
680,1,US:1,YES,1,0,Demon Slayer Tanjiro Kamado Risshi Hen Soundtrack Vinyl LP Record Used Very Good,377471566303
686,1,US:1,YES,1,0,Uma Musume Pretty Derby Matikanefukukitaru & Nya-san Pouch Plush New Unopened,377463539227
707,1,US:1,YES,1,0,Aniplex BUZZmod. Demon Slayer Zenitsu Agatsuma 1/12 Action Figure Box Opened,377464348652
716,1,US:1,YES,1,0,Chogokin Tamashii GX-88 Armored Fleet Dairugger XV Action Figure Bandai Used,377504232625
726,1,US:1,YES,1,0,Sneasel Pitatto Pokemon Time Plush Toy Pokemon Center Original Used Very Good,377493864306
734,1,US:1,YES,1,0,Squid Game 2 GS25 Limited Official Six Legs Traditional Game Play Set Unopened,377518971923
783,1,US:1,YES,1,0,Nekojiru Taizen Whole Volume Top and Bottom Set Japanese Cat Manga Used Good,377471393866
784,1,US:1,YES,1,0,ONE PIECE World Collectable Figure Dressrosa 2 Set of 6 WCF BANPRESTO from Japan,377469499652
787,1,US:1,YES,1,0,Mitutoyo 187-901-10 Universal Bevel Protractor Angle Gauge Measuring Tool New,377091565582
802,1,US:1,YES,1,0,Beyblade X Valkyrie Revolt S4-70V BX Series Starter Blade Top Pack New Unused,377506961619
807,1,US:1,YES,1,0,S.H. Monster Arts Shin Godzilla 2016 2nd & 3rd Figure Used Good Condition,377493864280
943,1,US:1,YES,1,0,MTG Rhystic Study Playmat Limited Japan Official New Unopened Unused from Japan,377459284670
952,1,US:1,YES,1,0,YU-GI-OH! Structure Deck Deluxe Set Yugi & Joey Vol.2 KONAMI Used Good Condition,377513809146
954,1,US:1,YES,1,0,Weiss Schwarz Kaguya sama KGL/S79-T17SP SP FOIL Vice president Kaguya Used,377523401146
970,1,US:1,YES,1,0,Square Enix FINAL FANTASY VII Cloud Strife Plush Doll Used Good Condition,377529981161
023,2,US:2,YES,1,0,Pokemon Scratch Card Booster Pack Tomy 1997 Japanese New Unopened Sealed Japan,377119159864
044,2,US:2,YES,1,0,Kiseki Legend of Heroes Trails of Cold Steel Fie Claussell 3D Crystal Falcom New,377493864275
049,2,US:2,YES,1,0,Pokemon Mewtwo Strikes Back Evolution Theme Kaze to Issho CD Limited Japan Used,377487619673
052,2,US:2,YES,1,0,DJI Osmo Pocket 2 Creator Combo 3-Axis Gimbal Stabilizer 4K 64MP Camera Kit Used,377477792324
074,2,US:2,YES,1,0,Weiss Schwarz Hololive Vol.2 Nanashi Mumei HOL/W104-144 SSP Signed FOIL Japan,377523402508
076,2,US:2,YES,1,0,Dragon Quest VII Reimagined Collectors Edition Ship In A Bottle Slime Plush New,377511842156
087,2,US:2,YES,1,0,Signed Weiss Schwarz Fujimi Fantasia Bunko Kurumi Fdl/W120-083SP SP FOIL,377521044390
095,2,US:2,YES,1,0,Sentinel SV-Action Spider-Man Into the Spider-Verse Peni Parker & SP//dr Used,377523402503
1005,2,US:2,YES,1,0,Persona 3 The Movie MP3 Player Style Metal Ornament Makoto Yuki New Unopened,377529989954
1013,2,US:2,YES,1,0,S.H.Figuarts Demon Slayer Giyu Tomioka Figure Bandai Spirits Used Box Damaged,377501879962
1017,2,US:2,YES,1,0,Ayano Kaneko Festival Shukusai Vinyl Record LP Limited Edition Used Very Good,377518977009
1043,2,US:2,YES,1,0,Ocean's Kyogre ex Constructed Starter Deck 1st ED 2006 ADV Japanese New Unopened,377525906710
1047,2,US:2,YES,1,0,Sentinel Spider-Man Spider-Verse SV-ACTION Peter B. Parker DX Edition Figure New,375961805235
1070,2,US:2,YES,1,0,MegaHouse Variable Action Hi-SPEC Nu Asurada AKF-0/G Cyber Formula SIN Used JP,377501879957
1097,2,US:2,YES,1,0,Persona 3 Portable 25th Anniversary Hamuko Plush Mascot Used No Tag Japan,377491989636
112,2,US:2,YES,1,0,Nendoroid Apothecary Diaries Maomao 2288 Jinshi 2372 Set Good Smile New Japan,377482255995
1124,2,US:2,YES,1,0,Nendoroid 2225 Overwatch 2 Kiriko Good Smile Company Figure New Unopened,377523402502
1128,2,US:2,YES,1,0,Shin Megami Tensei Black Frost Denim Plush Toy New Unopened from Japan,377523146311
1141,2,US:2,YES,1,0,Turn A Gundam Blu-ray Box I II Limited Edition Set Used Very Good Condition,377527414189
1179,2,US:2,YES,1,0,JAY-Z Reasonable Doubt 2LP Analog Vinyl Record Hip Hop Album Used Japan,377493864289
1190,2,US:2,YES,1,0,Good Smile Monogatari Nadeko Sengoku Medusa Ver. 1/8 Figure Used Opened Box,377459274114
1200,2,US:2,YES,1,0,Hatsune Miku Cat Ear Headphones Set YOWU Limited Vocaloid Bluetooth New Unused,377523124648
1214,2,US:2,YES,1,0,Weiss Schwarz Re:Zero Emilia Trading Card RZ/S46-T42SP Signed Japsnese Very Good,377527441633
1229,2,US:2,YES,1,0,Macross HI-MMETAL R VT-1 Super Ostrich BANDAI ROBOTECH New Unopened from Japan,377487284555
1248,2,US:2,YES,1,0,Storm Collectibles Street Fighter II Guile Action Figure New Unopened Japan,377507104150
1250,2,US:2,YES,1,0,Digimon Adventure Digivice Ver. Complete Premium Bandai Limited New Sealed,377482659954
1253,2,US:2,YES,1,0,BABYMETAL Megitsune Single CD TFCC-89042 SU-METAL Japan Used Second Hand,377527738334
1255,2,US:2,YES,1,0,Sonic and the Black Knight Original Soundtrax 2CD + Vocal Trax CD Set New Unused,377525913260
126,2,US:2,YES,1,0,Traveler's Notebook Chichu Art Museum Notebook BK & Refill & Brass Charm New,375406661904
127,2,US:2,YES,1,0,Naoyuki Katoh SF Illustrations Art Works Book Asahi Sonorama Japan Used Sci-Fi,377469495189
1273,2,US:2,YES,1,0,Kaikan Phrase VHS Complete 11 Volume Set with Video Deck Shinjo Mayu Used,377527738319
1277,2,US:2,YES,1,0,Blythe Natasha Moore Neo Blythe Takara Tomy Doll with Box CWC Limited Near Mint,377477792300
128,2,US:2,YES,1,0,Chiikawa Usagi Hachiware Halloween Zombie Mascot Plush Set of 3 New Unopened,377459284674
1312,2,US:2,YES,1,0,Rebuild of Evangelion Complete Blu-ray Box 4K ULTRA HD+Blu-ray New Unopened,377477792320
1316,2,US:2,YES,1,0,Revolutionary Girl Utena First Edition Blu-ray BOX Complete 2 Volume Set Used,377487308183
1328,2,US:2,YES,1,0,KINGDOM HEARTS Tamagotchi 20th Anniversary Dark & Light Mode Set Bandai Unopened,377507090989
135,2,US:2,YES,1,0,Bandai Crush Gear Turbo CG-01S Garuda Eagle Red Ver 4WD Model Kit New Unopened,377523402517
1352,2,US:2,YES,1,0,PaRappa the Rapper Lets Drive Pocket Music Scene Takara Figure New Unopened,377529921230
139,2,US:2,YES,1,0,Hyte Hoshimachi Suisei Hololive Keycap & Mouse Pad & Tapestry from Japan Limited,377482651304
1395,2,US:2,YES,1,0,Ayano Kaneko Towel Blanket is Calm 2023 Limited LP Vinyl Record Japan New,377507090994
1399,2,US:2,YES,1,0,Faure Requiem Andre Cluytens ESOTERIC SACD ESSE-90055 JAPAN PRESS Used Good,377510142959
1424,2,US:2,YES,1,0,KAWAI Mini Grand Piano No.1141 32keys Educational Toy BLACK Used Good Condition,377459284679
1434,2,US:2,YES,1,0,HKS Racing Suction Intake Air Filter Toyota Aristo JZS161 2JZ-GTE 70020-AT102 JP,377479075550
1449,2,US:2,YES,1,0,Pokemon Time Mawile Kucheat Plush Pokemon Center 2013 Japan Exclusive Rare Used,377484043549
1460,2,US:2,YES,1,0,Nagano Characters Colored Bear Mascot Plush Key Chain 12 Types Complete Set New,377493864296
1464,2,US:2,YES,1,0,Nendoroid 2101 Oguri Cap Uma Musume Pretty Derby Figure New Unopened from Japan,377009573639
1466,2,US:2,YES,1,0,AmiAmi x AMAKUNI One Punch Terror Tatsumaki 1/7 Scale Figure New Unopened,377507104169
1474,2,US:2,YES,1,0,Weiss Schwarz Darling In The Franxx Zero Two Mysterious Girl FXX/S57-T015SP SP,377518971924
1476,2,US:2,YES,1,0,Ado This is Hachan Key Ring Plush Ao Nissan Stadium Limited Reissue Unopened,377529921229
1477,2,US:2,YES,1,0,Ado Japan Tour 2024 Profile Of Mona Lisa Puppet Plush Doll Live Goods Unopened,377469499660
1478,2,US:2,YES,1,0,Mobile Suit Gundam Arsenal Base 1st Anniversary Special Box Set Bandai Used,377469499654
1479,2,US:2,YES,1,0,S.H.Figuarts SHINKOCCHOU SEIHOU Super Ancient Warrior Kuuga 25th New Unopened,377469499655
1489,2,US:2,YES,1,0,Nitro+CHiRAL Official Works Slow Damage Works Book 2021 Rare Used Near Mint,377485507093
1507,2,US:2,YES,1,0,Kazumasa Nagai Poster Museum Japanese Graphic Design Art Book Unread Like New,377526871374
1520,2,US:2,YES,1,0,Bitcoin Magazine Japan First Issue Red Cover with 3D Logo Design METAPLANET New,377518976990
1546,2,US:2,YES,1,0,BANDAI Tamagotchi Series JAL Red Set of 2 Limited Edition Rare from Japan,377532318226
1559,2,US:2,YES,1,0,Tokyo Olympics 2020 Pokemon Pikachu Pin Badge Cherry Blossom Design New Unused,377464348629
1585,2,US:2,YES,1,0,Silent Hill f TGS 2025 Exclusive Novelty Set Omamori Note Stickers New Unused,377510142966
1595,2,US:2,YES,1,0,Depeche Mode Music For The Masses UK Original Pressing Mute Vinyl LP Record Used,377469499649
160,2,US:2,YES,1,0,One Piece Carddass Hyper Battle Jump Festa Edition Pack Bandai New Unopened,377523109891
1613,2,US:2,YES,1,0,Hazbin Hotel Trading Cards Gravity PR-16 Promo Unused from Japan,377477792315
1614,2,US:2,YES,1,0,Hazbin Hotel Season 2 Trading Cards 28/60 MAN'S BEST FRIEND Unused,377477792328
1615,2,US:2,YES,1,0,Hazbin Hotel Season 2 Trading Cards 23/50 HUSK Foil HOLO Unused Rare from Japan,377477792301
1617,2,US:2,YES,1,0,Hazbin Hotel Trading Cards VOX Foil Holo Ultra Rare from Japan,377482651310
1619,2,US:2,YES,1,0,Hazbin Hotel 2nd Edition Trading Cards LILITH'S BEAC Secret Foil Pink Rare,377482652071
1625,2,US:2,YES,1,0,MTG Rhox Japanese Foil Nemesis Green Creature Card NM,377491989637
1639,2,US:2,YES,1,0,ANA Trading 1/200 Airbus A380 JA381A Flying Honu Lani Blue Model NH20142,377501879964
1644,2,US:2,YES,1,0,Kirby Super Star Otedama Beanbag Plush Waddle Dee Vintage Prize Japan Rare,377501874940
1645,2,US:2,YES,1,0,Kirby Super Star Otedama Beanbag Plush Star Character Vintage Prize Japan,377501879960
1662,2,US:2,YES,1,0,Volks Dollfie Dream Sister DDS Macross F Ranka Lee Doll New Sealed Japan,377518977021
1674,2,US:2,YES,1,0,Roland PG-800 Programmer for JX-8P JX-10 MKS-70 GR-77B Synth with DIN Cable,377521044384
1676,2,US:2,YES,1,0,One Piece Carddass Hyper Battle Luffy C565 Graded 10 Gem Mint Japan,377523402507
1679,2,US:2,YES,1,0,Studio Ghibli Park Limited Food Magnet 6 Types Set Renewal New Sealed Japan,377523402500
1691,2,US:2,YES,1,0,AVANTI Idol Horse Manhattan Cafe Plush Uma Musume Racehorse S Size w/ Tag Japan,377529921234
1692,2,US:2,YES,1,0,AVANTI Idol Horse Meiner Love Plush Racehorse S Size Silk Road Ver w/ Tag Japan,377529921228
1700,2,US:2,YES,1,0,Brahms Complete Edition 46 CD Box Deutsche Grammophon Karajan Pollini Abbado,377532449513
1706,2,US:2,YES,1,0,Hazbin Hotel Charlie Acrylic Stand Standee Shark Robot Limited Japan,377474161335
1726,2,US:2,YES,1,0,David Bowie Aladdin Sane Japan Paper Sleeve SHM-CD Limited OBI,377489614890
1730,2,US:2,YES,1,0,Final Fantasy XIV Crystal Exarch's Cane Silver 925 Pendant Necklace Square Enix,377491989634
1736,2,US:2,YES,1,0,Summer Carnival 92 Recca Famicom Promotional T-Shirt Naxat Sealed,377491989633
1767,2,US:2,YES,1,0,atmos x Super7 Peanuts Snoopy Joe Cool 12inch Supersize Figure Limited 100,377504786054
1808,2,US:2,YES,1,0,Buffalo Zine No.3 Magazine JW Anderson Vivienne Rare Fashion Japan Import,377523402520
182,2,US:2,YES,1,0,Bungo Stray Dogs POP UP PARADE Chuya Nakahara Figure Used Very Good Condition,377511368845
1822,2,US:2,YES,1,0,Weiss Schwarz Nisekoi Chitoge Kirisaki SP W30-T07SP Signed Card Japan Import,377451378730
1829,2,US:2,YES,1,0,Xenogears CD Carrying Case Square Enix PS1 RPG Rare Promo Novelty Japan Import,377527736997
183,2,US:2,YES,1,0,The Guy She Was Interested In Wasn't A Guy At All Soundtrack LP Color Vinyl New,377471567272
1853,2,US:2,YES,1,0,Nintendo amiibo Fire Emblem Complete Set 13 Figures Marth Ike Roy Lucina Japan,377469991138
1858,2,US:2,YES,1,0,Pokemon Card Deoxys ex 006/015 1st Edition Constructed Starter Deck PCG Japan,377472789112
1891,2,US:2,YES,1,0,The Kinks At The BBC SHM-CD BOX 5CD 1DVD Limited Japan Discontinued Sealed New,377493957064
190,2,US:2,YES,1,0,Masaaki Yuasa Sketchbook for Animation Project Second Printing Art Book Used,377464348658
191,2,US:2,YES,1,0,hololive 4th fes. Our Bright Parade 3 Blu-ray Disc Set Photobook 2023 Used,377487617470
219,2,US:2,YES,1,0,Olivia Newton-John 40th Anniversary Collection 10 SHM-CD + DVD Used Near Mint,377491515837
223,2,US:2,YES,1,0,"Taylor Swift Our Song 7"" Vinyl Limited Edition Colored Record 2019 New Unopened",377518971917
224,2,US:2,YES,1,0,Nendoroid 2123 UNDERTALE Toriel 110mm Figure Good Smile Company New Unopened,377529920572
233,2,US:2,YES,1,0,"Uma Musume Pretty Derby Nice Nature Plush Doll Kuripan 6.69"" New Unopened",377491522089
251,2,US:2,YES,1,0,Azone DIAS MUGUET Red Camera Sleeping Lamby NEMU New Unopened from Japan,377467115785
261,2,US:2,YES,1,0,Bandai Kamen Rider W CSM T2 Gaia Memory ver. 2 O to T Limited New Unopened,377474160356
263,2,US:2,YES,1,0,QWER Special LP Beyond the Discord Music Album Used Very Good Condition,377498767024
265,2,US:2,YES,1,0,Play Arts Kai Crisis Core Final Fantasy VII Reunion Zack Fair Figure New,377525906700
270,2,US:2,YES,1,0,Kemono Friends Lying Down Plush Toy Sand Cat Nesoberi Used Good Condition,377496197065
298,2,US:2,YES,1,0,BABYMETAL Live at Intuit Dome THE ONE Limited Blu-ray 2CD Photobook Played Once,377474161337
314,2,US:2,YES,1,0,Takara Tomy Beyblade Burst 1st Generation 20th Anniversary Memorial Box Set Used,377480316264
321,2,US:2,YES,1,0,Pokemon Center Mario Pikachu Luigi Pikachu Plush Set of 2 Nintendo 2016 Unused,377496197075
330,2,US:2,YES,1,0,Nintendo Museum Limited Hanafuda Playing Cards Phoenix Ho-oh Kyoto New Unopened,376790403861
339,2,US:2,YES,1,0,Union Arena Sword Art Online Asuna EX08BT/SAO-2-042 SR2 Parallel Near Mint,377485511169
352,2,US:2,YES,1,0,Hobonichi Techo Cover Tomie by Junji Ito 2026 A6 Original Size New Unopened,377495707121
371,2,US:2,YES,1,0,Mutant Monster HANABI Live 7.21.2014 DVD NLMM-006 New Unopened Store Display,377489614880
372,2,US:2,YES,1,0,Mary Poppins Returns Parrot Head Umbrella Disney Store Limited 6100 New Unused,377489614876
375,2,US:2,YES,1,0,Chiyoda Metal Shell Madeleine Top Plate with 25 Pieces Silicon Processing New,377518977012
381,2,US:2,YES,1,0,Mikame Craft A59 Hopping Table Magic Trick Prop Close-Up Mat 33x48cm New,374931226190
403,2,US:2,YES,1,0,Buzzmod. NieR: Automata Ver1.1a 2B 1/12 Scale Action Figure ANIPLEX Used,377459284694
430,2,US:2,YES,1,0,Pokemon Colosseum Double Battle Card e+ Red Blue Yellow Green 4 Pack Sealed,374453033064
455,2,US:2,YES,1,0,Neru Akita VOCALOID Nendoroid Plus Plushie Series 48 Gift Plush Doll Used,377501161617
466,2,US:2,YES,1,0,Trigun Stampede Vash TERUTEREEL Plush Mascot Key Chain Anime New Unopened Toy,377491989649
497,2,US:2,YES,1,0,Pokemon Characters World TAKESHI & JOEY vol.3 Figure TOMY New Unopened,377458642527
533,2,US:2,YES,1,0,Weiss Schwarz Hina Sorasaki SEC Signed FOIL Blue Archive BAV/W129-041EX Used,377530010584
535,2,US:2,YES,1,0,TAMIYA 1/12 Ferrari F50 Metal Diecast Semi-Finished Model Kit New Unused,377511842149
554,2,US:2,YES,1,0,Knights of Sidonia Complete Series Season 1 & 2 Blu-ray Box Set Used Good,377507104165
566,2,US:2,YES,1,0,Demon Slayer Kimetsu no Yaiba Genya Shinazugawa Mini Mini Friends Plush Unused,377498764251
587,2,US:2,YES,1,0,SNK Bishoujo Mai Shiranui The King Of Fighters 1998 1/7 Figure Kotobukiya Used,377507104149
602,2,US:2,YES,1,0,Pink Charm Rurudo Eve BODY HARNESS_Ver. 1/6 Scale PVC Figure New Unopened,377511842152
604,2,US:2,YES,1,0,figma Scarlet NIKKE Goddess of Victory Action Figure Used Near Mint from Japan,377504199977
616,2,US:2,YES,1,0,Zoids Saber Tiger Gold EZ-016 1/72 Action Plastic Kit Knight Black Unassembled,377504794797
624,2,US:2,YES,1,0,One Piece Golden Cards Jump Festa Limited Playing Card Set New Unused from Japan,377520924998
639,2,US:2,YES,1,0,HHKB Professional HYBRID PD-KB800YSC Type-S English Layout Snow Used Tested,377525289275
645,2,US:2,YES,1,0,Pullip Doll Leema DAYAN 40th Anniversary ver. Wachifield New Unopened from Japan,377485507090
654,2,US:2,YES,1,0,figma 461 Fire Emblem Three Houses Edelgard von Hresvelg 145mm Figure Used,377510142955
662,2,US:2,YES,1,0,Hobonichi Yumi Kitagishi Little Gift Omiyage A5 size Notebook Cover Near Mint,377489614886
665,2,US:2,YES,1,0,Pookie Boo BonBon Bloomin'!! Limited Edition Doll Azone International Unopened,377493855831
671,2,US:2,YES,1,0,Uma Musume Pretty Derby Agnes Digital Regular Plush Vol.10 FuRyu Used No Tag,377482224132
682,2,US:2,YES,1,0,Splatoon x Zozotown 3D Knit Shark Whale Apex Sweater Geso Town Size L Used,377523075630
696,2,US:2,YES,1,0,Junji Ito Exhibition Temptation Illustrations Art Book 2024 Asahi Near Mint,377493864292
702,2,US:2,YES,1,0,Studio Ghibli Howl's Moving Castle Wizard Howl Cardigan Donguri Closet Unused,377493864269
757,2,US:2,YES,1,0,Good Smile Company POP UP PARADE RWBY Weiss Schnee Non-scale PVC Figure Used,377469499650
762,2,US:2,YES,1,0,Empress Effects ParaEQ w/Boost Guitar Equalizer Pedal Made in Canada Used,377504794794
811,2,US:2,YES,1,0,One Piece Carddass Hyper Battle C170 Mihawk Ittoryodan Swordsman Bandai Used,377493864285
813,2,US:2,YES,1,0,HAGANE Nintendo Super Famicom Test Completed Used Good Condition from Japan,377493864305
859,2,US:2,YES,1,0,Kyosho Fantom EP-4WD B.W. Spider 1/12 RC Racing Car Kit 30635 Vintage Unbuilt,377519851609
902,2,US:2,YES,1,0,Egret Two Mini Arcade Memories VOL.2 TAITO Arcade Selection New Unopened,377527433718
910,2,US:2,YES,1,0,Bandai CSM Kamen Rider W Fang Memory & Extreme Memory Ver.2 Memory Only Used,377498767023
930,2,US:2,YES,1,0,threezero AMC The Walking Dead Daryl Dixon 1/6 Action Figure Used Box Damage,377482659987
948,2,US:2,YES,1,0,HORROR Bishoujo Evil Dead 2 Ash Williams 1/7 Scale Figure Used Very Good,377513804693
974,2,US:2,YES,1,0,Final Fantasy XIV Endwalker Physical Box Collectors Edition - [NO GAME],373830391823
977,2,US:2,YES,1,0,Mesmerizer channel Satsuki Kasane Teto Hatsune Miku Plush Set of 2 Unopened,377487619678
980,2,US:2,YES,1,0,Frieren Beyond Journey's End A5 Reproduction Art Flower Field Reprint New,377459274115
993,2,US:2,YES,1,0,1000toys RE:EDIT Halo Reach KAT-B320 Noble Two 1/12 Action Figure Used Rank B,377507104177
996,2,US:2,YES,1,0,Munetaka Murakami BBM 2018 Rookie Card RC Tokyo Yakult Swallows Used Very Good,377516157752
