sku,site,item_id,image_count,quantity,title,url,condition_id,condition,status,image_count_now,is_new
004,US,377521044383,1,1,Persona 3 Reload Episode Aegis Original Soundtrack AGM-007 First Limited CD Used,https://www.ebay.com/itm/377521044383,4000,Very Good,Active,5,
015,US,377511842144,1,1,One Piece Base Shop Ichiban Kuji 366 Days Luffy Full Color Figure New Unopened,https://www.ebay.com/itm/377511842144,1000,New,Active,5,YES
022,US,377459274119,1,1,Jujutsu Kaisen Sanrio Collab Kento Nanami Pompompurin Plush Doll New from Japan,https://www.ebay.com/itm/377459274119,1000,New,Active,1,YES
056,US,377464348635,1,1,MegaHouse Look Up Jujutsu Kaisen Satoru Gojo Suguru Geto High School ver Figure,https://www.ebay.com/itm/377464348635,1000,New,Active,1,YES
058,US,377489614879,1,1,Zoids Generations Liger Red Hiou ZGe-004 1/72 Model Kit Takara Tomy Unassembled,https://www.ebay.com/itm/377489614879,1000,New,Active,9,YES
081,US,377518415549,1,1,Hololive 6th Fes. Color Rise Harmony Blu-ray Concert Complete Inspected Only,https://www.ebay.com/itm/377518415549,2750,Like New,Active,5,
1000,US,377485507091,1,1,Fate/EXTRA Plush Doll Tamamo no mae Caster Figure Gift Used Very Good Condition,https://www.ebay.com/itm/377485507091,3000,Used,Active,1,
1031,US,377527738324,1,1,Warhammer 40k Emperors Children Fulgrim Daemon Primarch 37-06 New Sealed,https://www.ebay.com/itm/377527738324,1000,New,Active,1,YES
1055,US,377507104176,1,1,Hajime Namiki - Pine Tree 1 B - Woodblock Print Signed and Stamped Brand New,https://www.ebay.com/itm/377507104176,1000,New,Active,1,YES
1057,US,377532301672,1,1,Fire Emblem Warriors: Three Hopes Original Soundtrack CD 4 Post Card Used,https://www.ebay.com/itm/377532301672,4000,Very Good,Active,1,
1071,US,377504794801,1,1,Octopath Traveler Music Box Character Dot Main Theme Song Toy Square Enix Used,https://www.ebay.com/itm/377504794801,3000,Used,Active,1,
1074,US,377464334811,1,1,Uma Musume Pretty Derby Manhattan Cafe Agnes Tachyon Plush 2 Set New Unused,https://www.ebay.com/itm/377464334811,1000,New,Active,1,YES
1098,US,377467118902,1,1,Ghibli Museum ART OF GHIBLI KiKi's Delivery Service Art Frame New Unused,https://www.ebay.com/itm/377467118902,1000,New,Active,1,YES
1107,US,377489614882,1,1,Disney Twisted Wonderland Azul Ashengrotto Octavinelle 1/8 Figure Aniplex,https://www.ebay.com/itm/377489614882,1000,New,Active,1,YES
1109,US,377474014366,1,1,YU-GI-OH! Day Evil Twin Official Playmat Konami New Unopened from Japan,https://www.ebay.com/itm/377474014366,1000,New,Active,1,YES
1118,US,377482652072,1,1,1/144 HG 7-Eleven Clear Color Set Mobile Suit Gundam 2011 Used Very Good,https://www.ebay.com/itm/377482652072,3000,Used,Active,1,
1127,US,377510142960,1,1,Hololive Hajime Todoroki Birthday 2024 Plush Keychain Only New Unused Japan,https://www.ebay.com/itm/377510142960,1000,New,Active,1,YES
1138,US,377527738338,1,1,Gyakuten Saiban Art Book Visual Book Ace Attorney Investigation Japanese Used,https://www.ebay.com/itm/377527738338,3000,Used,Active,1,
1161,US,377525913245,1,1,Star Trek LASERDISC Space Operation TV Complete 3 BOX All 79 Episodes Used,https://www.ebay.com/itm/377525913245,4000,Very Good,Active,1,
1164,US,377518520394,1,1,Harmful Park: High Brown Gag & Pure Shooting PlayStation Used Good Condition,https://www.ebay.com/itm/377518520394,5000,Good,Active,1,
120,US,377491989650,1,1,Auto Focus Eyewear 01 Vixion Zero One Glasses Type Wearable Black Used Near Mint,https://www.ebay.com/itm/377491989650,3000,Pre-owned,Active,10,
1206,US,377510142949,1,1,Manual Strapping Tool GS4EH-E for Strapping Bands with Tightening Adjust Panduit,https://www.ebay.com/itm/377510142949,1000,New,Active,1,YES
1210,US,377523137874,1,1,ONE PIECE TO BE CONTINUED Ichiban Kuji THE GIGANT NAME New Unopened from Japan,https://www.ebay.com/itm/377523137874,1000,New,Active,1,YES
122,US,377469499658,1,1,KATO 3-516 HO Gauge E5 Series Shinkansen Hayabusa 4 Car Basic Set JR East Used,https://www.ebay.com/itm/377469499658,3000,Used,Active,1,
1222,US,377525906702,1,1,Kotobukiya XFA-27 For Modelers Edition Ace Combat Infinity 1/144 Kit New,https://www.ebay.com/itm/377525906702,1000,New,Active,1,YES
1227,US,377527484707,1,1,BEYBLADE X UX-00 Dran Buster 1-60A Color Choice Booster Violet New Unused,https://www.ebay.com/itm/377527484707,1000,New,Active,1,YES
1302,US,377504794784,1,1,Zutto Mayonaka De Iinoni GUSARE ZUTOMAYO 2LP Vinyl Record Limited Edition New,https://www.ebay.com/itm/377504794784,1000,New,Active,1,YES
1338,US,377507104174,1,1,Ado Usseewa BIG 12in 30cm Plush Doll Open Mouth Taito Prize Used Very Good,https://www.ebay.com/itm/377507104174,3000,Used,Active,1,
1344,US,377485511139,1,1,Danzig / Danzig US Original LP Official Vinyl Album DEF 24208 Def American Used,https://www.ebay.com/itm/377485511139,3000,Used,Active,1,
1362,US,377516389616,1,1,Kazuo Shinohara Complete Works Architecture Art Book TOTO Japan New Unopened,https://www.ebay.com/itm/377516389616,1000,Brand New,Active,1,YES
1411,US,377529921226,1,1,Final Fantasy VII REMAKE Mini Figure Cloud Strife Square Enix Used Very Good,https://www.ebay.com/itm/377529921226,3000,Used,Active,1,
1490,US,377477781659,1,1,Digimon Tamers D-ARK ver. Takato Matsuda ULTIMATE Super Complete Selection New,https://www.ebay.com/itm/377477781659,1000,New,Active,1,YES
1498,US,377485511162,1,1,Pokemon Center Fukuoka Ippudo Arita Ware Ramen Bowl Red & White Set of 2 New,https://www.ebay.com/itm/377485511162,1000,New,Active,1,YES
1510,US,377493855824,1,1,MINI GT VeilSide Nissan Skyline GT-R R32 Combat C-I Gold Chrome 1/64 35th New,https://www.ebay.com/itm/377493855824,1000,New,Active,1,YES
1526,US,377510142964,1,1,Demon Slayer The movie Infinity Castle Movie Ticket Card Complete Set of 8 Used,https://www.ebay.com/itm/377510142964,,,Active,1,
1569,US,377469499665,1,1,Toy Story 30th Anniv Figure Set of 3 Woody KABUTO Jessie KIMONO Buzz NINJA New,https://www.ebay.com/itm/377469499665,1000,New,Active,1,YES
159,US,377467118909,1,1,Konatsuya Negora Ryudora Fun Set 2024 Cat Daruma Soft Vinyl Sofubi Unopened,https://www.ebay.com/itm/377467118909,1000,New,Active,1,YES
1616,US,377482659998,1,1,Hazbin Hotel Season 2 Trading Cards 23/60 HUMAN ALASTOR Rare from Japan,https://www.ebay.com/itm/377482659998,4000,Ungraded,Active,1,
162,US,377496197069,1,1,Max Factory figma Girls' Frontline Dolls' Frontline UMP45 Action Figure Unopened,https://www.ebay.com/itm/377496197069,1000,New,Active,4,YES
1649,US,377501879949,1,1,The Blue Hearts Single Record Box Set 17 Vinyl Sonosheet Numbered Japan New,https://www.ebay.com/itm/377501879949,1000,New,Active,1,YES
1693,US,377529921232,1,1,AVANTI Idol Horse Matikanefukukitaru Plush Racehorse 5S Size w/ Tag Japan,https://www.ebay.com/itm/377529921232,3000,Used,Active,1,
1703,US,377474161332,1,1,Medicos Chozokado Guido Mista and Sex Pistols JoJo Part 5 Figure Reissue,https://www.ebay.com/itm/377474161332,1000,New,Active,1,YES
1710,US,377480319542,1,1,KISS Retro 12 inch Figure Set with Mini Concert T-Shirts Vintage,https://www.ebay.com/itm/377480319542,3000,Used,Active,1,
1711,US,377480313613,1,1,Bandai Chogokin GD-57B Mechagodzilla 2004 Black Version Tokyo SOS Japan,https://www.ebay.com/itm/377480313613,3000,Used,Active,1,
1712,US,377480316269,1,1,Popy Chogokin Mechagodzilla Vintage Diecast Figure Japan,https://www.ebay.com/itm/377480316269,3000,Used,Active,1,
1738,US,377491989635,1,1,SHODO SUPER Denshi Sentai Denziman Bandai Candy Toy Figure,https://www.ebay.com/itm/377491989635,3000,Used,Active,1,
1740,US,377491989646,1,1,Art Storm Fewture EX Gokin Ultra Hawk No.3 Ultraseven Future Model,https://www.ebay.com/itm/377491989646,3000,Used,Active,1,
1752,US,377496195918,1,1,VOLKS Dollfie Dream DD DDS Snow Miku Tancho Miko Costume Set Hatsune Miku,https://www.ebay.com/itm/377496195918,3000,Used,Active,1,
1755,US,377496195920,1,1,Isul BUCK-TICK Yutaka Higuchi Groove Doll I-953 Show After Dark 2021 Sealed,https://www.ebay.com/itm/377496195920,1000,New,Active,1,YES
1769,US,377504794795,1,1,Uma Musume Sakura Laurel AVANTI Idol Horse Plush All Comers Ver 5S,https://www.ebay.com/itm/377504794795,1000,New,Active,1,YES
1770,US,377504794775,1,1,Uma Musume Taiki Shuttle AVANTI Idol Horse Plush Sprinters Stakes Ver S,https://www.ebay.com/itm/377504794775,3000,Used,Active,1,
1776,US,377511839376,1,1,Bandai Ikimono Daizukan Ultimate Ryujin Centipede Figure,https://www.ebay.com/itm/377511839376,3000,Used,Active,1,
1784,US,377511842141,1,1,X-Plus DefoReal Mothra Larva 1961 Figure,https://www.ebay.com/itm/377511842141,3000,Used,Active,1,
1839,US,377468043658,1,1,Starbucks Been There Series Japan Mug 11 Set Regional Limited Ceramic Cup New,https://www.ebay.com/itm/377468043658,1000,New,Active,1,YES
1846,US,377469989949,1,1,TOMIX 92962 N Gauge Sayonara Fuji Hayabusa Sleeper Express 14 Series Set Japan,https://www.ebay.com/itm/377469989949,3000,Used,Active,1,
1849,US,377469989205,1,1,Arthur Rubinstein The Chopin Collection Complete Classical Piano CD Box Japan,https://www.ebay.com/itm/377469989205,4000,Very Good,Active,1,
1851,US,377469989210,1,1,Herbert von Karajan 1970s Deutsche Grammophon Classical CD Box Set Japan Import,https://www.ebay.com/itm/377469989210,4000,Very Good,Active,1,
187,US,377525913250,1,1,Nendoroid 1322 Death Stranding Cliff DX Edition Figure Good Smile Company New,https://www.ebay.com/itm/377525913250,1000,New,Active,1,YES
194,US,377464348647,1,1,Excellent Model CAPCOMANIAX 2 Felicia Darkstalkers Megahouse New Unopened Japan,https://www.ebay.com/itm/377464348647,1000,New,Active,1,YES
206,US,377527736992,1,1,Hololive Houshou Marine 1st Live Ahoy!! You are All Pirates Blu-ray Unopened,https://www.ebay.com/itm/377527736992,1000,Brand New,Active,1,YES
222,US,377523402504,1,1,Panty & Stocking with Garterbelt Galaxxxy Twin Pack Figure New Unopened Japan,https://www.ebay.com/itm/377523402504,1000,New,Active,1,YES
281,US,377498767041,1,1,Shiina Ringo Sheena Muzai Moratorium 2LP 180g Vinyl 2023 Reissue Limited New,https://www.ebay.com/itm/377498767041,1000,New,Active,1,YES
291,US,377477792306,1,1,Ensemble Stars!! Shu Itsuki Itsunui Living Together Plush Doll New Unopened,https://www.ebay.com/itm/377477792306,1000,New,Active,1,YES
309,US,377163176196,1,0,Yosuga no Sora Sora Kasugano Plush 17cm + Plush Mascot Keychain 15cm Set New,https://www.ebay.com/itm/377163176196,1000,New,Active,1,YES
310,US,377480316261,1,1,ThatSkyShop Sky x AURORA Doll Plush Set Sky Children of the Light New Unused,https://www.ebay.com/itm/377480316261,1000,New,Active,1,YES
312,US,377474161340,1,1,1/72 Su-33 Flanker D Ace Combat Yellow 13 Ace Combat Series SP312 Unassembled,https://www.ebay.com/itm/377474161340,3000,Used,Completed,1,
331,US,377485511168,1,1,The Rising of the Shield Hero Raphtalia Hot Spring ver 1/7 Scale Figure Opened,https://www.ebay.com/itm/377485511168,3000,Used,Active,1,
334,US,377532449512,1,1,Kingdom Hearts 20th Anniversary Plate Collection Complete BOX Set of 8 Used,https://www.ebay.com/itm/377532449512,3000,Used,Active,1,
343,US,377504794778,1,1,Toho 30cm Series Yuji Sakai Godzilla 1995 Hong Kong Landing Clear Orange Used,https://www.ebay.com/itm/377504794778,3000,Used,Active,1,
344,US,377482652070,1,1,Nendoroid Doll Hua Cheng Heaven Official's Blessing Good Smile Shanghai Unopened,https://www.ebay.com/itm/377482652070,1000,New,Active,1,YES
346,US,377477792303,1,1,Bandai CSM Henshin Belt Arcle ver. 25th Kamen Rider Kuuga Box Opened Unused,https://www.ebay.com/itm/377477792303,1000,New,Active,1,YES
441,US,377482660080,1,1,Zoids Generations Liger Blue Souga Custom Parts Resin Cast Model Kit Used,https://www.ebay.com/itm/377482660080,3000,Used,Active,1,
522,US,377469499661,1,1,KATO N Gauge C11 171 SL Winter Wetlands Train Set 14 Series 10-1958 Model Used,https://www.ebay.com/itm/377469499661,3000,Used,Active,1,
536,US,377516389617,1,1,Arthur Rubinstein The Complete Album Collection 142CD 2DVD Deluxe Box Near Mint,https://www.ebay.com/itm/377516389617,2750,Like New,Active,1,
542,US,377498764252,1,1,Pokemon Tale Picture Book Little Ghost Haunter Japanese Vintage Used Very Good,https://www.ebay.com/itm/377498764252,3000,Used,Active,1,
555,US,377516389606,1,1,Gift Fate Stay Night Heaven's Feel Plush Doll Avenger Jeanne d'Arc Alter Used,https://www.ebay.com/itm/377516389606,3000,Used,Active,1,
565,US,377493864294,1,1,Phat Company Uma Musume Pretty Derby RUN & WIN Nice Nature 1/7 Scale Figure Used,https://www.ebay.com/itm/377493864294,3000,Used,Active,1,
571,US,377482651305,1,1,Pokemon Pikachu Milano Cortina 2026 Olympics Media Pin Badge TV Tokyo New,https://www.ebay.com/itm/377482651305,1000,New,Active,1,YES
577,US,377507104175,1,1,30MS Rishetta Alpha Sisters Phantasm Ver. HYPER PLAMO Fes 2024 COLOR Unassembled,https://www.ebay.com/itm/377507104175,1000,New,Active,1,YES
644,US,377525293188,1,1,Transformers Beast Wars X-7 Elphaorpha Action Figure Takara Used Good Condition,https://www.ebay.com/itm/377525293188,3000,Used,Active,1,
659,US,377474161334,1,1,Jujutsu Kaisen Toji Fushiguro Naoya Zenin Jump Festa 2023 Plush Mascot Used,https://www.ebay.com/itm/377474161334,3000,Used,Active,1,
680,US,377471566303,1,1,Demon Slayer Tanjiro Kamado Risshi Hen Soundtrack Vinyl LP Record Used Very Good,https://www.ebay.com/itm/377471566303,3000,Used,Active,1,
686,US,377463539227,1,1,Uma Musume Pretty Derby Matikanefukukitaru & Nya-san Pouch Plush New Unopened,https://www.ebay.com/itm/377463539227,1000,New,Active,1,YES
707,US,377464348652,1,1,Aniplex BUZZmod. Demon Slayer Zenitsu Agatsuma 1/12 Action Figure Box Opened,https://www.ebay.com/itm/377464348652,1000,New,Active,1,YES
716,US,377504232625,1,1,Chogokin Tamashii GX-88 Armored Fleet Dairugger XV Action Figure Bandai Used,https://www.ebay.com/itm/377504232625,3000,Used,Active,1,
726,US,377493864306,1,1,Sneasel Pitatto Pokemon Time Plush Toy Pokemon Center Original Used Very Good,https://www.ebay.com/itm/377493864306,3000,Used,Active,1,
734,US,377518971923,1,1,Squid Game 2 GS25 Limited Official Six Legs Traditional Game Play Set Unopened,https://www.ebay.com/itm/377518971923,1000,New,Active,1,YES
783,US,377471393866,1,1,Nekojiru Taizen Whole Volume Top and Bottom Set Japanese Cat Manga Used Good,https://www.ebay.com/itm/377471393866,5000,Good,Active,1,
784,US,377469499652,1,1,ONE PIECE World Collectable Figure Dressrosa 2 Set of 6 WCF BANPRESTO from Japan,https://www.ebay.com/itm/377469499652,3000,Used,Active,1,
787,US,377091565582,1,1,Mitutoyo 187-901-10 Universal Bevel Protractor Angle Gauge Measuring Tool New,https://www.ebay.com/itm/377091565582,1000,New,Active,1,YES
802,US,377506961619,1,1,Beyblade X Valkyrie Revolt S4-70V BX Series Starter Blade Top Pack New Unused,https://www.ebay.com/itm/377506961619,1000,New,Active,1,YES
807,US,377493864280,1,1,S.H. Monster Arts Shin Godzilla 2016 2nd & 3rd Figure Used Good Condition,https://www.ebay.com/itm/377493864280,3000,Used,Active,1,
943,US,377459284670,1,1,MTG Rhystic Study Playmat Limited Japan Official New Unopened Unused from Japan,https://www.ebay.com/itm/377459284670,1000,New,Active,1,YES
952,US,377513809146,1,1,YU-GI-OH! Structure Deck Deluxe Set Yugi & Joey Vol.2 KONAMI Used Good Condition,https://www.ebay.com/itm/377513809146,3000,Open Box/Used,Active,1,
954,US,377523401146,1,1,Weiss Schwarz Kaguya sama KGL/S79-T17SP SP FOIL Vice president Kaguya Used,https://www.ebay.com/itm/377523401146,4000,Ungraded,Active,1,
970,US,377529981161,1,1,Square Enix FINAL FANTASY VII Cloud Strife Plush Doll Used Good Condition,https://www.ebay.com/itm/377529981161,3000,Used,Active,1,
023,US,377119159864,2,0,Pokemon Scratch Card Booster Pack Tomy 1997 Japanese New Unopened Sealed Japan,https://www.ebay.com/itm/377119159864,1000,New/Factory Sealed,Active,2,YES
044,US,377493864275,2,1,Kiseki Legend of Heroes Trails of Cold Steel Fie Claussell 3D Crystal Falcom New,https://www.ebay.com/itm/377493864275,1000,New,Active,2,YES
049,US,377487619673,2,1,Pokemon Mewtwo Strikes Back Evolution Theme Kaze to Issho CD Limited Japan Used,https://www.ebay.com/itm/377487619673,3000,Used,Active,2,
052,US,377477792324,2,1,DJI Osmo Pocket 2 Creator Combo 3-Axis Gimbal Stabilizer 4K 64MP Camera Kit Used,https://www.ebay.com/itm/377477792324,3000,Used,Active,2,
074,US,377523402508,2,1,Weiss Schwarz Hololive Vol.2 Nanashi Mumei HOL/W104-144 SSP Signed FOIL Japan,https://www.ebay.com/itm/377523402508,4000,Ungraded,Active,2,
076,US,377511842156,2,1,Dragon Quest VII Reimagined Collectors Edition Ship In A Bottle Slime Plush New,https://www.ebay.com/itm/377511842156,1000,New,Active,2,YES
087,US,377521044390,2,1,Signed Weiss Schwarz Fujimi Fantasia Bunko Kurumi Fdl/W120-083SP SP FOIL,https://www.ebay.com/itm/377521044390,4000,Ungraded,Active,2,
095,US,377523402503,2,1,Sentinel SV-Action Spider-Man Into the Spider-Verse Peni Parker & SP//dr Used,https://www.ebay.com/itm/377523402503,3000,Used,Active,2,
1005,US,377529989954,2,1,Persona 3 The Movie MP3 Player Style Metal Ornament Makoto Yuki New Unopened,https://www.ebay.com/itm/377529989954,1000,New,Active,2,YES
1013,US,377501879962,2,1,S.H.Figuarts Demon Slayer Giyu Tomioka Figure Bandai Spirits Used Box Damaged,https://www.ebay.com/itm/377501879962,3000,Used,Active,2,
1017,US,377518977009,2,1,Ayano Kaneko Festival Shukusai Vinyl Record LP Limited Edition Used Very Good,https://www.ebay.com/itm/377518977009,3000,Used,Active,2,
1043,US,377525906710,2,1,Ocean's Kyogre ex Constructed Starter Deck 1st ED 2006 ADV Japanese New Unopened,https://www.ebay.com/itm/377525906710,1000,New/Factory Sealed,Active,2,YES
1047,US,375961805235,2,0,Sentinel Spider-Man Spider-Verse SV-ACTION Peter B. Parker DX Edition Figure New,https://www.ebay.com/itm/375961805235,1000,New,Active,2,YES
1070,US,377501879957,2,1,MegaHouse Variable Action Hi-SPEC Nu Asurada AKF-0/G Cyber Formula SIN Used JP,https://www.ebay.com/itm/377501879957,3000,Used,Active,2,
1097,US,377491989636,2,1,Persona 3 Portable 25th Anniversary Hamuko Plush Mascot Used No Tag Japan,https://www.ebay.com/itm/377491989636,3000,Used,Active,2,
112,US,377482255995,2,1,Nendoroid Apothecary Diaries Maomao 2288 Jinshi 2372 Set Good Smile New Japan,https://www.ebay.com/itm/377482255995,1000,New,Active,2,YES
1124,US,377523402502,2,1,Nendoroid 2225 Overwatch 2 Kiriko Good Smile Company Figure New Unopened,https://www.ebay.com/itm/377523402502,1000,New,Active,2,YES
1128,US,377523146311,2,1,Shin Megami Tensei Black Frost Denim Plush Toy New Unopened from Japan,https://www.ebay.com/itm/377523146311,1000,New,Active,2,YES
1141,US,377527414189,2,1,Turn A Gundam Blu-ray Box I II Limited Edition Set Used Very Good Condition,https://www.ebay.com/itm/377527414189,4000,Very Good,Active,2,
1179,US,377493864289,2,1,JAY-Z Reasonable Doubt 2LP Analog Vinyl Record Hip Hop Album Used Japan,https://www.ebay.com/itm/377493864289,3000,Used,Active,2,
1190,US,377459274114,2,1,Good Smile Monogatari Nadeko Sengoku Medusa Ver. 1/8 Figure Used Opened Box,https://www.ebay.com/itm/377459274114,3000,Used,Active,2,
1200,US,377523124648,2,1,Hatsune Miku Cat Ear Headphones Set YOWU Limited Vocaloid Bluetooth New Unused,https://www.ebay.com/itm/377523124648,1000,New,Active,2,YES
1214,US,377527441633,2,1,Weiss Schwarz Re:Zero Emilia Trading Card RZ/S46-T42SP Signed Japsnese Very Good,https://www.ebay.com/itm/377527441633,4000,Ungraded,Active,2,
1229,US,377487284555,2,1,Macross HI-MMETAL R VT-1 Super Ostrich BANDAI ROBOTECH New Unopened from Japan,https://www.ebay.com/itm/377487284555,1000,New,Active,2,YES
1248,US,377507104150,2,1,Storm Collectibles Street Fighter II Guile Action Figure New Unopened Japan,https://www.ebay.com/itm/377507104150,1000,New,Active,2,YES
1250,US,377482659954,2,1,Digimon Adventure Digivice Ver. Complete Premium Bandai Limited New Sealed,https://www.ebay.com/itm/377482659954,1000,New,Active,2,YES
1253,US,377527738334,2,1,BABYMETAL Megitsune Single CD TFCC-89042 SU-METAL Japan Used Second Hand,https://www.ebay.com/itm/377527738334,4000,Very Good,Active,2,
1255,US,377525913260,2,1,Sonic and the Black Knight Original Soundtrax 2CD + Vocal Trax CD Set New Unused,https://www.ebay.com/itm/377525913260,,,Active,2,
126,US,375406661904,2,0,Traveler's Notebook Chichu Art Museum Notebook BK & Refill & Brass Charm New,https://www.ebay.com/itm/375406661904,1000,New,Active,2,YES
127,US,377469495189,2,1,Naoyuki Katoh SF Illustrations Art Works Book Asahi Sonorama Japan Used Sci-Fi,https://www.ebay.com/itm/377469495189,3000,Used,Active,2,
1273,US,377527738319,2,1,Kaikan Phrase VHS Complete 11 Volume Set with Video Deck Shinjo Mayu Used,https://www.ebay.com/itm/377527738319,4000,Very Good,Active,2,
1277,US,377477792300,2,1,Blythe Natasha Moore Neo Blythe Takara Tomy Doll with Box CWC Limited Near Mint,https://www.ebay.com/itm/377477792300,1000,New,Active,2,YES
128,US,377459284674,2,1,Chiikawa Usagi Hachiware Halloween Zombie Mascot Plush Set of 3 New Unopened,https://www.ebay.com/itm/377459284674,1000,New,Active,2,YES
1312,US,377477792320,2,1,Rebuild of Evangelion Complete Blu-ray Box 4K ULTRA HD+Blu-ray New Unopened,https://www.ebay.com/itm/377477792320,1000,Brand New,Active,2,YES
1316,US,377487308183,2,1,Revolutionary Girl Utena First Edition Blu-ray BOX Complete 2 Volume Set Used,https://www.ebay.com/itm/377487308183,4000,Very Good,Active,2,
1328,US,377507090989,2,1,KINGDOM HEARTS Tamagotchi 20th Anniversary Dark & Light Mode Set Bandai Unopened,https://www.ebay.com/itm/377507090989,1000,New,Active,2,YES
135,US,377523402517,2,1,Bandai Crush Gear Turbo CG-01S Garuda Eagle Red Ver 4WD Model Kit New Unopened,https://www.ebay.com/itm/377523402517,1000,New,Active,2,YES
1352,US,377529921230,2,1,PaRappa the Rapper Lets Drive Pocket Music Scene Takara Figure New Unopened,https://www.ebay.com/itm/377529921230,1000,New,Active,2,YES
139,US,377482651304,2,1,Hyte Hoshimachi Suisei Hololive Keycap & Mouse Pad & Tapestry from Japan Limited,https://www.ebay.com/itm/377482651304,3000,Used,Active,2,
1395,US,377507090994,2,1,Ayano Kaneko Towel Blanket is Calm 2023 Limited LP Vinyl Record Japan New,https://www.ebay.com/itm/377507090994,1000,New,Active,2,YES
1399,US,377510142959,2,1,Faure Requiem Andre Cluytens ESOTERIC SACD ESSE-90055 JAPAN PRESS Used Good,https://www.ebay.com/itm/377510142959,4000,Very Good,Active,2,
1424,US,377459284679,2,1,KAWAI Mini Grand Piano No.1141 32keys Educational Toy BLACK Used Good Condition,https://www.ebay.com/itm/377459284679,3000,Used,Active,2,
1434,US,377479075550,2,1,HKS Racing Suction Intake Air Filter Toyota Aristo JZS161 2JZ-GTE 70020-AT102 JP,https://www.ebay.com/itm/377479075550,1000,New,Active,2,YES
1449,US,377484043549,2,1,Pokemon Time Mawile Kucheat Plush Pokemon Center 2013 Japan Exclusive Rare Used,https://www.ebay.com/itm/377484043549,3000,Used,Active,2,
1460,US,377493864296,2,1,Nagano Characters Colored Bear Mascot Plush Key Chain 12 Types Complete Set New,https://www.ebay.com/itm/377493864296,1000,New,Active,2,YES
1464,US,377009573639,2,1,Nendoroid 2101 Oguri Cap Uma Musume Pretty Derby Figure New Unopened from Japan,https://www.ebay.com/itm/377009573639,1000,New,Active,2,YES
1466,US,377507104169,2,1,AmiAmi x AMAKUNI One Punch Terror Tatsumaki 1/7 Scale Figure New Unopened,https://www.ebay.com/itm/377507104169,1000,New,Active,2,YES
1474,US,377518971924,2,1,Weiss Schwarz Darling In The Franxx Zero Two Mysterious Girl FXX/S57-T015SP SP,https://www.ebay.com/itm/377518971924,4000,Ungraded,Active,2,
1476,US,377529921229,2,1,Ado This is Hachan Key Ring Plush Ao Nissan Stadium Limited Reissue Unopened,https://www.ebay.com/itm/377529921229,1000,New,Active,2,YES
1477,US,377469499660,2,1,Ado Japan Tour 2024 Profile Of Mona Lisa Puppet Plush Doll Live Goods Unopened,https://www.ebay.com/itm/377469499660,1000,New,Active,2,YES
1478,US,377469499654,2,1,Mobile Suit Gundam Arsenal Base 1st Anniversary Special Box Set Bandai Used,https://www.ebay.com/itm/377469499654,3000,Used,Active,2,
1479,US,377469499655,2,1,S.H.Figuarts SHINKOCCHOU SEIHOU Super Ancient Warrior Kuuga 25th New Unopened,https://www.ebay.com/itm/377469499655,1000,New,Active,2,YES
1489,US,377485507093,2,1,Nitro+CHiRAL Official Works Slow Damage Works Book 2021 Rare Used Near Mint,https://www.ebay.com/itm/377485507093,3000,Used,Active,2,
1507,US,377526871374,2,1,Kazumasa Nagai Poster Museum Japanese Graphic Design Art Book Unread Like New,https://www.ebay.com/itm/377526871374,2750,Like New,Active,2,
1520,US,377518976990,2,1,Bitcoin Magazine Japan First Issue Red Cover with 3D Logo Design METAPLANET New,https://www.ebay.com/itm/377518976990,1000,Brand New,Active,2,YES
1546,US,377532318226,2,1,BANDAI Tamagotchi Series JAL Red Set of 2 Limited Edition Rare from Japan,https://www.ebay.com/itm/377532318226,1000,New,Active,2,YES
1559,US,377464348629,2,1,Tokyo Olympics 2020 Pokemon Pikachu Pin Badge Cherry Blossom Design New Unused,https://www.ebay.com/itm/377464348629,1000,New,Active,2,YES
1585,US,377510142966,2,1,Silent Hill f TGS 2025 Exclusive Novelty Set Omamori Note Stickers New Unused,https://www.ebay.com/itm/377510142966,1000,New,Active,2,YES
1595,US,377469499649,2,1,Depeche Mode Music For The Masses UK Original Pressing Mute Vinyl LP Record Used,https://www.ebay.com/itm/377469499649,3000,Used,Active,2,
160,US,377523109891,2,1,One Piece Carddass Hyper Battle Jump Festa Edition Pack Bandai New Unopened,https://www.ebay.com/itm/377523109891,1000,New/Factory Sealed,Active,2,YES
1613,US,377477792315,2,1,Hazbin Hotel Trading Cards Gravity PR-16 Promo Unused from Japan,https://www.ebay.com/itm/377477792315,4000,Ungraded,Active,2,
1614,US,377477792328,2,1,Hazbin Hotel Season 2 Trading Cards 28/60 MAN'S BEST FRIEND Unused,https://www.ebay.com/itm/377477792328,4000,Ungraded,Active,2,
1615,US,377477792301,2,1,Hazbin Hotel Season 2 Trading Cards 23/50 HUSK Foil HOLO Unused Rare from Japan,https://www.ebay.com/itm/377477792301,4000,Ungraded,Active,2,
1617,US,377482651310,2,1,Hazbin Hotel Trading Cards VOX Foil Holo Ultra Rare from Japan,https://www.ebay.com/itm/377482651310,4000,Ungraded,Active,2,
1619,US,377482652071,2,1,Hazbin Hotel 2nd Edition Trading Cards LILITH'S BEAC Secret Foil Pink Rare,https://www.ebay.com/itm/377482652071,4000,Ungraded,Active,2,
1625,US,377491989637,2,1,MTG Rhox Japanese Foil Nemesis Green Creature Card NM,https://www.ebay.com/itm/377491989637,4000,Ungraded,Active,2,
1639,US,377501879964,2,1,ANA Trading 1/200 Airbus A380 JA381A Flying Honu Lani Blue Model NH20142,https://www.ebay.com/itm/377501879964,1000,New,Active,2,YES
1644,US,377501874940,2,1,Kirby Super Star Otedama Beanbag Plush Waddle Dee Vintage Prize Japan Rare,https://www.ebay.com/itm/377501874940,3000,Used,Active,2,
1645,US,377501879960,2,1,Kirby Super Star Otedama Beanbag Plush Star Character Vintage Prize Japan,https://www.ebay.com/itm/377501879960,3000,Used,Active,2,
1662,US,377518977021,2,1,Volks Dollfie Dream Sister DDS Macross F Ranka Lee Doll New Sealed Japan,https://www.ebay.com/itm/377518977021,1000,New,Active,2,YES
1674,US,377521044384,2,1,Roland PG-800 Programmer for JX-8P JX-10 MKS-70 GR-77B Synth with DIN Cable,https://www.ebay.com/itm/377521044384,3000,Used,Active,2,
1676,US,377523402507,2,1,One Piece Carddass Hyper Battle Luffy C565 Graded 10 Gem Mint Japan,https://www.ebay.com/itm/377523402507,2750,Graded,Active,2,
1679,US,377523402500,2,1,Studio Ghibli Park Limited Food Magnet 6 Types Set Renewal New Sealed Japan,https://www.ebay.com/itm/377523402500,1000,New,Active,2,YES
1691,US,377529921234,2,1,AVANTI Idol Horse Manhattan Cafe Plush Uma Musume Racehorse S Size w/ Tag Japan,https://www.ebay.com/itm/377529921234,3000,Used,Active,2,
1692,US,377529921228,2,1,AVANTI Idol Horse Meiner Love Plush Racehorse S Size Silk Road Ver w/ Tag Japan,https://www.ebay.com/itm/377529921228,3000,Used,Active,2,
1700,US,377532449513,2,1,Brahms Complete Edition 46 CD Box Deutsche Grammophon Karajan Pollini Abbado,https://www.ebay.com/itm/377532449513,4000,Very Good,Active,2,
1706,US,377474161335,2,1,Hazbin Hotel Charlie Acrylic Stand Standee Shark Robot Limited Japan,https://www.ebay.com/itm/377474161335,1000,New,Active,2,YES
1726,US,377489614890,2,1,David Bowie Aladdin Sane Japan Paper Sleeve SHM-CD Limited OBI,https://www.ebay.com/itm/377489614890,2750,Like New,Active,2,
1730,US,377491989634,2,1,Final Fantasy XIV Crystal Exarch's Cane Silver 925 Pendant Necklace Square Enix,https://www.ebay.com/itm/377491989634,3000,Used,Active,2,
1736,US,377491989633,2,1,Summer Carnival 92 Recca Famicom Promotional T-Shirt Naxat Sealed,https://www.ebay.com/itm/377491989633,3000,Used,Active,2,
1767,US,377504786054,2,1,atmos x Super7 Peanuts Snoopy Joe Cool 12inch Supersize Figure Limited 100,https://www.ebay.com/itm/377504786054,1000,New,Active,2,YES
1808,US,377523402520,2,1,Buffalo Zine No.3 Magazine JW Anderson Vivienne Rare Fashion Japan Import,https://www.ebay.com/itm/377523402520,2750,Like New,Active,2,
182,US,377511368845,2,1,Bungo Stray Dogs POP UP PARADE Chuya Nakahara Figure Used Very Good Condition,https://www.ebay.com/itm/377511368845,3000,Used,Active,2,
1822,US,377451378730,2,1,Weiss Schwarz Nisekoi Chitoge Kirisaki SP W30-T07SP Signed Card Japan Import,https://www.ebay.com/itm/377451378730,4000,Ungraded,Active,2,
1829,US,377527736997,2,1,Xenogears CD Carrying Case Square Enix PS1 RPG Rare Promo Novelty Japan Import,https://www.ebay.com/itm/377527736997,1000,New,Active,2,YES
183,US,377471567272,2,1,The Guy She Was Interested In Wasn't A Guy At All Soundtrack LP Color Vinyl New,https://www.ebay.com/itm/377471567272,1000,New,Active,2,YES
1853,US,377469991138,2,1,Nintendo amiibo Fire Emblem Complete Set 13 Figures Marth Ike Roy Lucina Japan,https://www.ebay.com/itm/377469991138,1000,New,Active,2,YES
1858,US,377472789112,2,1,Pokemon Card Deoxys ex 006/015 1st Edition Constructed Starter Deck PCG Japan,https://www.ebay.com/itm/377472789112,4000,Ungraded,Active,2,
1891,US,377493957064,2,1,The Kinks At The BBC SHM-CD BOX 5CD 1DVD Limited Japan Discontinued Sealed New,https://www.ebay.com/itm/377493957064,1000,Brand New,Active,2,YES
190,US,377464348658,2,1,Masaaki Yuasa Sketchbook for Animation Project Second Printing Art Book Used,https://www.ebay.com/itm/377464348658,3000,Used,Active,2,
191,US,377487617470,2,1,hololive 4th fes. Our Bright Parade 3 Blu-ray Disc Set Photobook 2023 Used,https://www.ebay.com/itm/377487617470,4000,Very Good,Active,2,
219,US,377491515837,2,1,Olivia Newton-John 40th Anniversary Collection 10 SHM-CD + DVD Used Near Mint,https://www.ebay.com/itm/377491515837,4000,Very Good,Active,2,
223,US,377518971917,2,1,"Taylor Swift Our Song 7"" Vinyl Limited Edition Colored Record 2019 New Unopened",https://www.ebay.com/itm/377518971917,1000,New,Active,2,YES
224,US,377529920572,2,1,Nendoroid 2123 UNDERTALE Toriel 110mm Figure Good Smile Company New Unopened,https://www.ebay.com/itm/377529920572,1000,New,Active,2,YES
233,US,377491522089,2,1,"Uma Musume Pretty Derby Nice Nature Plush Doll Kuripan 6.69"" New Unopened",https://www.ebay.com/itm/377491522089,1000,New,Active,2,YES
251,US,377467115785,2,1,Azone DIAS MUGUET Red Camera Sleeping Lamby NEMU New Unopened from Japan,https://www.ebay.com/itm/377467115785,1000,New,Active,2,YES
261,US,377474160356,2,1,Bandai Kamen Rider W CSM T2 Gaia Memory ver. 2 O to T Limited New Unopened,https://www.ebay.com/itm/377474160356,1000,New,Active,2,YES
263,US,377498767024,2,1,QWER Special LP Beyond the Discord Music Album Used Very Good Condition,https://www.ebay.com/itm/377498767024,3000,Used,Active,2,
265,US,377525906700,2,1,Play Arts Kai Crisis Core Final Fantasy VII Reunion Zack Fair Figure New,https://www.ebay.com/itm/377525906700,1000,New,Active,2,YES
270,US,377496197065,2,1,Kemono Friends Lying Down Plush Toy Sand Cat Nesoberi Used Good Condition,https://www.ebay.com/itm/377496197065,3000,Used,Active,2,
298,US,377474161337,2,1,BABYMETAL Live at Intuit Dome THE ONE Limited Blu-ray 2CD Photobook Played Once,https://www.ebay.com/itm/377474161337,,,Active,2,
314,US,377480316264,2,1,Takara Tomy Beyblade Burst 1st Generation 20th Anniversary Memorial Box Set Used,https://www.ebay.com/itm/377480316264,3000,Used,Active,2,
321,US,377496197075,2,1,Pokemon Center Mario Pikachu Luigi Pikachu Plush Set of 2 Nintendo 2016 Unused,https://www.ebay.com/itm/377496197075,1000,New,Active,2,YES
330,US,376790403861,2,1,Nintendo Museum Limited Hanafuda Playing Cards Phoenix Ho-oh Kyoto New Unopened,https://www.ebay.com/itm/376790403861,1000,New,Active,2,YES
339,US,377485511169,2,1,Union Arena Sword Art Online Asuna EX08BT/SAO-2-042 SR2 Parallel Near Mint,https://www.ebay.com/itm/377485511169,4000,Ungraded,Active,2,
352,US,377495707121,2,1,Hobonichi Techo Cover Tomie by Junji Ito 2026 A6 Original Size New Unopened,https://www.ebay.com/itm/377495707121,1000,New,Active,2,YES
371,US,377489614880,2,1,Mutant Monster HANABI Live 7.21.2014 DVD NLMM-006 New Unopened Store Display,https://www.ebay.com/itm/377489614880,1000,Brand New,Active,2,YES
372,US,377489614876,2,1,Mary Poppins Returns Parrot Head Umbrella Disney Store Limited 6100 New Unused,https://www.ebay.com/itm/377489614876,1000,New,Active,2,YES
375,US,377518977012,2,1,Chiyoda Metal Shell Madeleine Top Plate with 25 Pieces Silicon Processing New,https://www.ebay.com/itm/377518977012,1000,New,Active,2,YES
381,US,374931226190,2,1,Mikame Craft A59 Hopping Table Magic Trick Prop Close-Up Mat 33x48cm New,https://www.ebay.com/itm/374931226190,1000,New,Active,2,YES
403,US,377459284694,2,1,Buzzmod. NieR: Automata Ver1.1a 2B 1/12 Scale Action Figure ANIPLEX Used,https://www.ebay.com/itm/377459284694,3000,Used,Active,2,
430,US,374453033064,2,1,Pokemon Colosseum Double Battle Card e+ Red Blue Yellow Green 4 Pack Sealed,https://www.ebay.com/itm/374453033064,1000,New/Factory Sealed,Active,2,YES
455,US,377501161617,2,1,Neru Akita VOCALOID Nendoroid Plus Plushie Series 48 Gift Plush Doll Used,https://www.ebay.com/itm/377501161617,3000,Used,Active,2,
466,US,377491989649,2,1,Trigun Stampede Vash TERUTEREEL Plush Mascot Key Chain Anime New Unopened Toy,https://www.ebay.com/itm/377491989649,1000,New,Active,2,YES
497,US,377458642527,2,1,Pokemon Characters World TAKESHI & JOEY vol.3 Figure TOMY New Unopened,https://www.ebay.com/itm/377458642527,1000,New,Active,2,YES
533,US,377530010584,2,1,Weiss Schwarz Hina Sorasaki SEC Signed FOIL Blue Archive BAV/W129-041EX Used,https://www.ebay.com/itm/377530010584,4000,Ungraded,Active,2,
535,US,377511842149,2,1,TAMIYA 1/12 Ferrari F50 Metal Diecast Semi-Finished Model Kit New Unused,https://www.ebay.com/itm/377511842149,1000,New,Active,2,YES
554,US,377507104165,2,1,Knights of Sidonia Complete Series Season 1 & 2 Blu-ray Box Set Used Good,https://www.ebay.com/itm/377507104165,5000,Good,Active,2,
566,US,377498764251,2,1,Demon Slayer Kimetsu no Yaiba Genya Shinazugawa Mini Mini Friends Plush Unused,https://www.ebay.com/itm/377498764251,1000,New,Active,2,YES
587,US,377507104149,2,1,SNK Bishoujo Mai Shiranui The King Of Fighters 1998 1/7 Figure Kotobukiya Used,https://www.ebay.com/itm/377507104149,3000,Used,Active,2,
602,US,377511842152,2,1,Pink Charm Rurudo Eve BODY HARNESS_Ver. 1/6 Scale PVC Figure New Unopened,https://www.ebay.com/itm/377511842152,1000,New,Active,2,YES
604,US,377504199977,2,1,figma Scarlet NIKKE Goddess of Victory Action Figure Used Near Mint from Japan,https://www.ebay.com/itm/377504199977,3000,Used,Active,2,
616,US,377504794797,2,1,Zoids Saber Tiger Gold EZ-016 1/72 Action Plastic Kit Knight Black Unassembled,https://www.ebay.com/itm/377504794797,1000,New,Active,2,YES
624,US,377520924998,2,1,One Piece Golden Cards Jump Festa Limited Playing Card Set New Unused from Japan,https://www.ebay.com/itm/377520924998,1000,New,Active,2,YES
639,US,377525289275,2,1,HHKB Professional HYBRID PD-KB800YSC Type-S English Layout Snow Used Tested,https://www.ebay.com/itm/377525289275,3000,Used,Active,2,
645,US,377485507090,2,1,Pullip Doll Leema DAYAN 40th Anniversary ver. Wachifield New Unopened from Japan,https://www.ebay.com/itm/377485507090,1000,New,Active,2,YES
654,US,377510142955,2,1,figma 461 Fire Emblem Three Houses Edelgard von Hresvelg 145mm Figure Used,https://www.ebay.com/itm/377510142955,3000,Used,Active,2,
662,US,377489614886,2,1,Hobonichi Yumi Kitagishi Little Gift Omiyage A5 size Notebook Cover Near Mint,https://www.ebay.com/itm/377489614886,3000,Used,Active,2,
665,US,377493855831,2,1,Pookie Boo BonBon Bloomin'!! Limited Edition Doll Azone International Unopened,https://www.ebay.com/itm/377493855831,1000,New,Active,2,YES
671,US,377482224132,2,1,Uma Musume Pretty Derby Agnes Digital Regular Plush Vol.10 FuRyu Used No Tag,https://www.ebay.com/itm/377482224132,3000,Used,Active,2,
682,US,377523075630,2,1,Splatoon x Zozotown 3D Knit Shark Whale Apex Sweater Geso Town Size L Used,https://www.ebay.com/itm/377523075630,3000,Used,Active,2,
696,US,377493864292,2,1,Junji Ito Exhibition Temptation Illustrations Art Book 2024 Asahi Near Mint,https://www.ebay.com/itm/377493864292,1000,New,Active,2,YES
702,US,377493864269,2,1,Studio Ghibli Howl's Moving Castle Wizard Howl Cardigan Donguri Closet Unused,https://www.ebay.com/itm/377493864269,1000,New,Active,2,YES
757,US,377469499650,2,1,Good Smile Company POP UP PARADE RWBY Weiss Schnee Non-scale PVC Figure Used,https://www.ebay.com/itm/377469499650,3000,Used,Active,2,
762,US,377504794794,2,1,Empress Effects ParaEQ w/Boost Guitar Equalizer Pedal Made in Canada Used,https://www.ebay.com/itm/377504794794,3000,Used,Active,2,
811,US,377493864285,2,1,One Piece Carddass Hyper Battle C170 Mihawk Ittoryodan Swordsman Bandai Used,https://www.ebay.com/itm/377493864285,4000,Ungraded,Active,2,
813,US,377493864305,2,1,HAGANE Nintendo Super Famicom Test Completed Used Good Condition from Japan,https://www.ebay.com/itm/377493864305,5000,Good,Active,2,
859,US,377519851609,2,1,Kyosho Fantom EP-4WD B.W. Spider 1/12 RC Racing Car Kit 30635 Vintage Unbuilt,https://www.ebay.com/itm/377519851609,1000,New,Active,2,YES
902,US,377527433718,2,1,Egret Two Mini Arcade Memories VOL.2 TAITO Arcade Selection New Unopened,https://www.ebay.com/itm/377527433718,2750,Like New,Active,2,
910,US,377498767023,2,1,Bandai CSM Kamen Rider W Fang Memory & Extreme Memory Ver.2 Memory Only Used,https://www.ebay.com/itm/377498767023,3000,Used,Active,2,
930,US,377482659987,2,1,threezero AMC The Walking Dead Daryl Dixon 1/6 Action Figure Used Box Damage,https://www.ebay.com/itm/377482659987,3000,Used,Active,2,
948,US,377513804693,2,1,HORROR Bishoujo Evil Dead 2 Ash Williams 1/7 Scale Figure Used Very Good,https://www.ebay.com/itm/377513804693,3000,Used,Active,2,
974,US,373830391823,2,1,Final Fantasy XIV Endwalker Physical Box Collectors Edition - [NO GAME],https://www.ebay.com/itm/373830391823,1000,New,Active,2,YES
977,US,377487619678,2,1,Mesmerizer channel Satsuki Kasane Teto Hatsune Miku Plush Set of 2 Unopened,https://www.ebay.com/itm/377487619678,1000,New,Active,2,YES
980,US,377459274115,2,1,Frieren Beyond Journey's End A5 Reproduction Art Flower Field Reprint New,https://www.ebay.com/itm/377459274115,1000,New,Active,2,YES
993,US,377507104177,2,1,1000toys RE:EDIT Halo Reach KAT-B320 Noble Two 1/12 Action Figure Used Rank B,https://www.ebay.com/itm/377507104177,3000,Used,Active,2,
996,US,377516157752,2,1,Munetaka Murakami BBM 2018 Rookie Card RC Tokyo Yakult Swallows Used Very Good,https://www.ebay.com/itm/377516157752,4000,Ungraded,Active,2,
