axis,keyword_ja,query,total_hits_in_range,fetched,jp_sellers,min_usd,median_usd,max_usd
A,五十嵐大介 画集(海獣とタマシイ),Daisuke Igarashi art book,2,2,2,427.78,453.58,479.38
A,五十嵐大介 海獣の子供,Children of the Sea Igarashi,0,0,0,,,
A,五十嵐大介 サイン/原画,Daisuke Igarashi signed,0,0,0,,,
B,松本大洋 画集,Taiyo Matsumoto art book,1,1,1,1338.82,1338.82,1338.82
B,寺田克也 画集,Katsuya Terada art book,5,5,4,305.02,325.48,1499.0
B,弐瓶勉 画集,Tsutomu Nihei art book,21,20,19,307.95,403.77,762.45
B,鶴田謙二 画集,Kenji Tsuruta art book,3,3,3,340.26,449.99,507.97
B,大友克洋 画集,Katsuhiro Otomo art book,92,20,20,305.99,380.0,698.0
B,士郎正宗 画集,Masamune Shirow Intron Depot,1,1,0,349.99,349.99,349.99
B,諸星大二郎 画集,Daijiro Morohoshi,1,1,1,372.85,372.85,372.85
B,丸尾末広 画集,Suehiro Maruo art book,8,8,4,368.59,540.65,1200.0
B,市川春子 画集(宝石の国),Haruko Ichikawa art book,2,2,2,310.0,354.5,399.0
B,森薫 画集,Kaoru Mori art book,0,0,0,,,
B,安倍吉俊 画集,Yoshitoshi ABe art book,15,15,13,306.17,357.17,764.99
B,村田蓮爾 画集,Range Murata art book,2,2,2,341.5,420.75,500.0
C,松本大洋 サイン/原画,Taiyo Matsumoto signed,1,1,1,306.76,306.76,306.76
C,弐瓶勉 サイン/原画,Tsutomu Nihei signed,3,3,2,450.0,541.49,568.61
C,鶴田謙二 サイン/原画,Kenji Tsuruta signed,1,1,1,934.08,934.08,934.08
C,寺田克也 原画/ドローイング,Katsuya Terada original drawing,5,5,2,318.14,595.0,1499.0
C,大友克洋 サイン/原画,Katsuhiro Otomo signed,5,5,2,323.86,450.64,1200.0
