sku,title,condition,min_image_count,listing_count,sites,item_ids
018,Beethoven - The Nine Symphonies - ESOTERIC SACD JA972 5-Disc from Japan,Very Good,1,5,Australia/Canada/Germany/UK/US,377537139703/377537747988/377537580270/377537642540/377537747026
049,Pokemon Mewtwo Strikes Back Evolution Theme Kaze to Issho CD Limited Japan Used,Used,2,8,Australia/Canada/France/Germany/Italy/Spain/UK/US,377487619673/377487690396/377487693140/377487777447/377487777799/377487778212/377487780033/377487780413
078,S.H. Figuarts Naruto Shippuden Obito Uchiha Hollow Dreams of Despair Figure Used,Used,2,8,Australia/Canada/France/Germany/Italy/Spain/UK/US,377501214477/377501203123/377501204103/377501206884/377501226658/377501229467/377501235227/377501235410
087,Signed Weiss Schwarz Fujimi Fantasia Bunko Kurumi Fdl/W120-083SP SP FOIL,Ungraded,2,8,Australia/Canada/France/Germany/Italy/Spain/UK/US,377521044390/377530208398/377530169859/377530253913/377530256374/377530257620/377530258676/377530314227
120,Gafas Auto Focus 01 Vixion Zero One Tipo Gafas Usables Negro Usado Casi...,Usado,1,1,Spain,377492019992
122,KATO 3-516 HO Gauge E5 Series Shinkansen Hayabusa 4 Car Basic Set JR East Used,Used,1,8,Australia/Canada/France/Germany/Italy/Spain/UK/US,377469499658/377469729137/377469872625/377469868895/377469870823/377469871596/377469872154/377471167106
127,Naoyuki Katoh SF Illustrations Art Works Book Asahi Sonorama Japan Used Sci-Fi,Used,2,8,Australia/Canada/France/Germany/Italy/Spain/UK/US,377469495189/377469725065/377469858495/377469854813/377469856565/377469857027/377469860896/377471102111
139,Hyte Hoshimachi Suisei Hololive Keycap & Mouse Pad & Tapestry from Japan Limited,Used,2,8,Australia/Canada/France/Germany/Italy/Spain/UK/US,377482651304/377482854887/377482788790/377482790491/377482852502/377482853358/377482863870/377482866455
182,Bungo Stray Dogs POP UP PARADE Chuya Nakahara Figure Used Very Good Condition,Used,2,8,Australia/Canada/France/Germany/Italy/Spain/UK/US,377511393658/377511368845/377511376998/377511390119/377511393504/377511399104/377511420118/377511426028
190,Masaaki Yuasa Sketchbook for Animation Project Second Printing Art Book Used,Used,2,1,US,377537489283
191,hololive 4th fes. Our Bright Parade 3 Blu-ray Disc Set Photobook 2023 Used,Very good,2,8,Australia/Canada/France/Germany/Italy/Spain/UK/US,377487691192/377487617470/377487655784/377487690590/377487693096/377487775942/377487780271/377487780373
213,NIGHT CITY MAGAZINE Studiio Trigger Cyberpunk Edgerunners Staff Art Book Used,Used,2,1,US,377537091531
219,Olivia Newton-John 40th Anniversary Collection 10 SHM-CD + DVD Used Near Mint,Very good,2,8,Australia/Canada/France/Germany/Italy/Spain/UK/US,377491568988/377491515837/377491545912/377491549973/377491560039/377491568892/377491570470/377491571393
263,QWER Special LP Beyond the Discord Music Album Used Very Good Condition,Used,2,8,Australia/Canada/France/Germany/Italy/Spain/UK/US,377498767024/377498838631/377498923354/377499190782/377499196568/377499198640/377499199185/377500209374
270,Kemono Friends Lying Down Plush Toy Sand Cat Nesoberi Used Good Condition,Used,2,8,Australia/Canada/France/Germany/Italy/Spain/UK/US,377496197065/377496330148/377496249578/377496324391/377496329866/377496330859/377496331647/377496480680
331,The Rising of the Shield Hero Raphtalia Hot Spring ver 1/7 Scale Figure Opened,Used,1,8,Australia/Canada/France/Germany/Italy/Spain/UK/US,377485511168/377485703036/377485674682/377485728281/377485728537/377485728979/377486075876/377486076369
334,Kingdom Hearts 20th Anniversary Plate Collection Complete BOX Set of 8 Used,Used,1,8,Australia/Canada/France/Germany/Italy/Spain/UK/US,377532450031/377532449512/377532450866/377532456527/377532457771/377532458518/377532459214/377532473614
339,Union Arena Sword Art Online Asuna EX08BT/SAO-2-042 SR2 Parallel Near Mint,Ungraded,2,8,Australia/Canada/France/Germany/Italy/Spain/UK/US,377485511169/377485674721/377485703241/377485728461/377485729115/377486076186/377486076516/377486227942
343,Toho 30cm Series Yuji Sakai Godzilla 1995 Hong Kong Landing Clear Orange Used,Used,1,8,Australia/Canada/France/Germany/Italy/Spain/UK/US,377504794778/377504967817/377504957775/377504967312/377504967473/377504968788/377504969885/377504971936
403,Buzzmod. NieR: Automata Ver1.1a 2B 1/12 Scale Action Figure ANIPLEX Used,Used,2,1,US,377534855611
441,Zoids Generations Liger Blue Souga Custom Parts Resin Cast Model Kit Used,Used,1,8,Australia/Canada/France/Germany/Italy/Spain/UK/US,377482660080/377482856894/377482788990/377482791378/377482850902/377482851318/377482853053/377482854611
455,Neru Akita VOCALOID Nendoroid Plus Plushie Series 48 Gift Plush Doll Used,Used,2,8,Australia/Canada/France/Germany/Italy/Spain/UK/US,377501161902/377501161617/377501162215/377501178252/377501183047/377501184213/377501184916/377501185454
522,KATO N Gauge C11 171 SL Winter Wetlands Train Set 14 Series 10-1958 Model Used,Used,1,8,Australia/Canada/France/Germany/Italy/Spain/UK/US,377469499661/377469728982/377469866753/377469869519/377469870301/377469870885/377469871773/377471085757
533,Weiss Schwarz Hina Sorasaki SEC Signed FOIL Blue Archive BAV/W129-041EX Used,Ungraded,2,8,Australia/Canada/France/Germany/Italy/Spain/UK/US,377530010584/377530251426/377530163801/377530199756/377530241840/377530248965/377530250461/377530314522
536,Arthur Rubinstein The Complete Album Collection 142CD 2DVD Deluxe Box Near Mint,Like New,1,8,Australia/Canada/France/Germany/Italy/Spain/UK/US,377516389617/377516391032/377516391466/377516396386/377516703408/377516879893/377517062073/377517257430
542,Pokemon Tale Picture Book Little Ghost Haunter Japanese Vintage Used Very Good,Used,1,8,Australia/Canada/France/Germany/Italy/Spain/UK/US,377498764252/377498912770/377498837901/377498910961/377498911603/377498919207/377498921150/377499186547
554,Knights of Sidonia Complete Series Season 1 & 2 Blu-ray Box Set Used Good,Good,2,8,Australia/Canada/France/Germany/Italy/Spain/UK/US,377507104165/377509083768/377509053561/377509083673/377509089796/377509090327/377509105522/377509106202
555,Gift Fate Stay Night Heaven's Feel Plush Doll Avenger Jeanne d'Arc Alter Used,Used,1,8,Australia/Canada/France/Germany/Italy/Spain/UK/US,377516389690/377516389606/377516390015/377516703208/377516703322/377516703416/377516880047/377517061967
565,Phat Company Uma Musume Pretty Derby RUN & WIN Nice Nature 1/7 Scale Figure Used,Used,1,8,Australia/Canada/France/Germany/Italy/Spain/UK/US,377493864294/377493931352/377493897138/377493932760/377493933920/377494001076/377494004160/377494017629
587,SNK Bishoujo Mai Shiranui The King Of Fighters 1998 1/7 Figure Kotobukiya Used,Used,2,8,Australia/Canada/France/Germany/Italy/Spain/UK/US,377507104149/377508732190/377508784159/377508789003/377508818429/377508819269/377508855954/377508856967
604,figma Scarlet NIKKE Goddess of Victory Action Figure Used Near Mint from Japan,Used,2,8,Australia/Canada/France/Germany/Italy/Spain/UK/US,377504200900/377504199977/377504200629/377504206527/377504209563/377504210515/377504211458/377504231499
639,HHKB Professional HYBRID PD-KB800YSC Type-S English Layout Snow Used Tested,Used,2,8,Australia/Canada/France/Germany/Italy/Spain/UK/US,377525297221/377525289275/377525296866/377525289638/377525293303/377525297158/377525297444/377525307127
644,Transformers Beast Wars X-7 Elphaorpha Action Figure Takara Used Good Condition,Used,1,8,Australia/Canada/France/Germany/Italy/Spain/UK/US,377525311297/377525293188/377525319821/377525293839/377525307271/377525309929/377525311380/377525311821
654,figma 461 Fire Emblem Three Houses Edelgard von Hresvelg 145mm Figure Used,Used,2,8,Australia/Canada/France/Germany/Italy/Spain/UK/US,377510142955/377510219066/377510265158/377510342334/377510283280/377510313820/377510340316/377510365518
659,Jujutsu Kaisen Toji Fushiguro Naoya Zenin Jump Festa 2023 Plush Mascot Used,Used,1,8,Australia/Canada/France/Germany/Italy/Spain/UK/US,377474161334/377474285572/377474232014/377474283727/377474284252/377474284876/377474287043/377474382424
662,Hobonichi Yumi Kitagishi Little Gift Omiyage A5 size Notebook Cover Near Mint,Used,2,7,Australia/Canada/France/Germany/Italy/UK/US,377489614886/377489809895/377489943519/377489940775/377489945416/377490413872/377490448131
671,Uma Musume Pretty Derby Agnes Digital Regular Plush Vol.10 FuRyu Used No Tag,Used,2,8,Australia/Canada/France/Germany/Italy/Spain/UK/US,377482224132/377482327714/377482260708/377482280004/377482314857/377482314922/377482330122/377482332397
680,Demon Slayer Tanjiro Kamado Risshi Hen Soundtrack Vinyl LP Record Used Very Good,Used,1,8,Australia/Canada/France/Germany/Italy/Spain/UK/US,377471566303/377471820468/377471696699/377471746003/377471748271/377471749708/377471821898/377471908488
682,Splatoon x Zozotown 3D Knit Shark Whale Apex Sweater Geso Town Size L Used,Used,2,8,Australia/Canada/France/Germany/Italy/Spain/UK/US,377523153882/377523075630/377523128066/377523110471/377523152720/377523155130/377523172165/377523172956
716,Chogokin Tamashii GX-88 Armored Fleet Dairugger XV Action Figure Bandai Used,Used,1,8,Australia/Canada/France/Germany/Italy/Spain/UK/US,377504235711/377504232625/377504233762/377504236059/377504236712/377504237185/377504244499/377504249676
726,Sneasel Pitatto Pokemon Time Plush Toy Pokemon Center Original Used Very Good,Used,1,8,Australia/Canada/France/Germany/Italy/Spain/UK/US,377493864306/377493897157/377494017575/377493931354/377493933385/377494003583/377494018069/377494051566
757,Good Smile Company POP UP PARADE RWBY Weiss Schnee Non-scale PVC Figure Used,Used,2,1,US,377469499650
762,Empress Effects ParaEQ w/Boost Guitar Equalizer Pedal Made in Canada Used,Used,2,8,Australia/Canada/France/Germany/Italy/Spain/UK/US,377504794794/377504954688/377504893628/377504960375/377504960722/377504962279/377504962812/377505212649
783,Nekojiru Taizen Whole Volume Top and Bottom Set Japanese Cat Manga Used Good,Good,1,8,Australia/Canada/France/Germany/Italy/Spain/UK/US,377471393866/377471702101/377471618512/377471642990/377471705202/377471821260/377471822022/377472388360
784,ONE PIECE World Collectable Figure Dressrosa 2 Set of 6 WCF BANPRESTO from Japan,Used,1,8,Australia/Canada/France/Germany/Italy/Spain/UK/US,377469499652/377469729525/377469869189/377469870535/377469871129/377469873050/377470070894/377471023051
807,S.H. Monster Arts Shin Godzilla 2016 2nd & 3rd Figure Used Good Condition,Used,1,8,Australia/Canada/France/Germany/Italy/Spain/UK/US,377493864280/377493933889/377493897010/377493931429/377493933771/377493934001/377494016605/377494051630
811,One Piece Carddass Hyper Battle C170 Mihawk Ittoryodan Swordsman Bandai Used,Ungraded,2,8,Australia/Canada/France/Germany/Italy/Spain/UK/US,377493864285/377493897056/377494003222/377493931754/377493933816/377494004434/377494011917/377494051738
813,HAGANE Nintendo Super Famicom Test Completed Used Good Condition from Japan,Good,2,8,Australia/Canada/France/Germany/Italy/Spain/UK/US,377493864305/377493932956/377493897023/377493931360/377493933808/377494013875/377494015632/377494017206
846,LED ZEPPELIN Definitive BOX Set JAPAN Mini LP SHM-CD x 10 Titles Used Very Good,Very good,1,7,Australia/Canada/France/Germany/Italy/Spain/UK,377445558625/377445525741/377445561159/377445561474/377445599488/377445729377/377446086254
902,Egret Two Mini Arcade Memories VOL.2 TAITO Arcade Selection New Unopened,Like new,2,8,Australia/Canada/France/Germany/Italy/Spain/UK/US,377527448794/377527433718/377527435865/377527435463/377527436283/377527439273/377527449005/377527449386
910,Bandai CSM Kamen Rider W Fang Memory & Extreme Memory Ver.2 Memory Only Used,Used,2,8,Australia/Canada/France/Germany/Italy/Spain/UK/US,377498767023/377498920083/377498838542/377498910871/377498912185/377498919555/377498920731/377499194492
930,threezero AMC The Walking Dead Daryl Dixon 1/6 Action Figure Used Box Damage,Used,2,8,Australia/Canada/France/Germany/Italy/Spain/UK/US,377482659987/377482852380/377482789035/377482792766/377482851309/377482853238/377482854146/377482856985
948,HORROR Bishoujo Evil Dead 2 Ash Williams 1/7 Scale Figure Used Very Good,Used,2,8,Australia/Canada/France/Germany/Italy/Spain/UK/US,377513833125/377513804693/377513806123/377513818434/377513833010/377513879624/377513880182/377513908999
952,YU-GI-OH! Structure Deck Deluxe Set Yugi & Joey Vol.2 KONAMI Used Good Condition,Open Box/Used,1,8,Australia/Canada/France/Germany/Italy/Spain/UK/US,377513818008/377513809146/377513809829/377513832985/377513833223/377513879827/377513908987/377513914376
954,Weiss Schwarz Kaguya sama KGL/S79-T17SP SP FOIL Vice president Kaguya Used,Ungraded,1,8,Australia/Canada/France/Germany/Italy/Spain/UK/US,377523401146/377533142141/377533140526/377533056842/377533139558/377533141063/377533143650/377533145700
970,Square Enix FINAL FANTASY VII Cloud Strife Plush Doll Used Good Condition,Used,1,8,Australia/Canada/France/Germany/Italy/Spain/UK/US,377529981161/377530217285/377530158243/377530187620/377530216813/377530224407/377530226145/377530229114
993,1000toys RE:EDIT Halo Reach KAT-B320 Noble Two 1/12 Action Figure Used Rank B,Used,2,8,Australia/Canada/France/Germany/Italy/Spain/UK/US,377507104177/377508252409/377508191771/377508228936/377508231683/377508234983/377508247645/377508249894
996,Munetaka Murakami BBM 2018 Rookie Card RC Tokyo Yakult Swallows Used Very Good,Ungraded,2,8,Australia/Canada/France/Germany/Italy/Spain/UK/US,377516157752/377516263261/377516232864/377516236001/377516265650/377516266123/377516267001/377516703294
1000,Fate/EXTRA Plush Doll Tamamo no mae Caster Figure Gift Used Very Good Condition,Used,1,8,Australia/Canada/France/Germany/Italy/Spain/UK/US,377485507091/377485673751/377485702605/377485727700/377485728227/377485728596/377486076082/377486227331
1013,S.H.Figuarts Demon Slayer Giyu Tomioka Figure Bandai Spirits Used Box Damaged,Used,2,1,US,377501879962
1017,Ayano Kaneko Festival Shukusai Vinyl Record LP Limited Edition Used Very Good,Used,2,1,US,377518977009
1057,Fire Emblem Warriors: Three Hopes Original Soundtrack CD 4 Post Card Used,Very good,1,8,Australia/Canada/France/Germany/Italy/Spain/UK/US,377532315354/377532301672/377532319181/377532318081/377532318421/377532319012/377532332065/377532345784
1070,MegaHouse Variable Action Hi-SPEC Nu Asurada AKF-0/G Cyber Formula SIN Used JP,Used,2,1,US,377501879957
1071,Octopath Traveler Music Box Character Dot Main Theme Song Toy Square Enix Used,Used,1,8,Australia/Canada/France/Germany/Italy/Spain/UK/US,377504794801/377504960581/377504893559/377504954664/377504960308/377504961260/377504962776/377505212652
1097,Persona 3 Portable 25th Anniversary Hamuko Plush Mascot Used No Tag Japan,Used,2,8,Australia/Canada/France/Germany/Italy/Spain/UK/US,377492021917/377491989636/377492014003/377492019489/377492019827/377492019978/377492020078/377492023079
1118,1/144 HG 7-Eleven Clear Color Set Mobile Suit Gundam 2011 Used Very Good,Used,1,8,Australia/Canada/France/Germany/Italy/Spain/UK/US,377482652072/377482790513/377482788807/377482851380/377482853212/377482853626/377482854667/377482859532
1138,Gyakuten Saiban Art Book Visual Book Ace Attorney Investigation Japanese Used,Used,1,8,Australia/Canada/France/Germany/Italy/Spain/UK/US,377527738338/377528047894/377527982430/377528046950/377528049160/377528050096/377528214070/377528218106
1141,Turn A Gundam Blu-ray Box I II Limited Edition Set Used Very Good Condition,Very good,2,8,Australia/Canada/France/Germany/Italy/Spain/UK/US,377527417462/377527414189/377527414633/377527415177/377527425818/377527434547/377527438528/377527439018
1161,Star Trek LASERDISC Space Operation TV Complete 3 BOX All 79 Episodes Used,Very Good,1,8,Australia/Canada/France/Germany/Italy/Spain/UK/US,377525913245/377536336058/377536333586/377536338817/377536342722/377536380562/377536696215/377536698761
1179,JAY-Z Reasonable Doubt 2LP Analog Vinyl Record Hip Hop Album Used Japan,Used,2,7,Canada/France/Germany/Italy/Spain/UK/US,377493864289/377493897111/377493933882/377494004472/377494016589/377495374519/377495376309
1190,Good Smile Monogatari Nadeko Sengoku Medusa Ver. 1/8 Figure Used Opened Box,Used,2,8,Australia/Canada/France/Germany/Italy/Spain/UK/US,377534855644/377534904060/377534954557/377534915611/377534946480/377534951411/377534954316/377534984601
1214,Weiss Schwarz Re:Zero Emilia Trading Card RZ/S46-T42SP Signed Japsnese Very Good,Ungraded,2,8,Australia/Canada/France/Germany/Italy/Spain/UK/US,377527441982/377527441633/377527451199/377527442370/377527448798/377527449179/377527450818/377527451884
1240,Bebichicchi Wedding Set Monchhichi Sekiguchi Plush Doll Used Very Good Condition,Used,2,1,US,377534937956
1253,BABYMETAL Megitsune Single CD TFCC-89042 SU-METAL Japan Used Second Hand,Very Good,2,8,Australia/Canada/France/Germany/Italy/Spain/UK/US,377527738334/377527982643/377528126207/377528048567/377528049219/377528049959/377528051694/377528221325
1273,Kaikan Phrase VHS Complete 11 Volume Set with Video Deck Shinjo Mayu Used,Very Good,2,8,Australia/Canada/France/Germany/Italy/Spain/UK/US,377527738319/377528051540/377527982645/377528048637/377528049089/377528051146/377528051674/377528051978
1316,Revolutionary Girl Utena First Edition Blu-ray BOX Complete 2 Volume Set Used,Very good,2,8,Australia/Canada/France/Germany/Italy/Spain/UK/US,377487336595/377487308183/377487312574/377487318194/377487319108/377487357565/377487359238/377487362470
1338,Ado Usseewa BIG 12in 30cm Plush Doll Open Mouth Taito Prize Used Very Good,Used,1,8,Australia/Canada/France/Germany/Italy/Spain/UK/US,377507104174/377509064093/377509018587/377509054378/377509055010/377509056588/377509088552/377509089901
1344,Danzig / Danzig US Original LP Official Vinyl Album DEF 24208 Def American Used,Used,1,8,Australia/Canada/France/Germany/Italy/Spain/UK/US,377485511139/377485674710/377485703085/377485728284/377486076921/377486471164/377486478532/377486479670
1399,Faure Requiem Andre Cluytens ESOTERIC SACD ESSE-90055 JAPAN PRESS Used Good,Very Good,2,8,Australia/Canada/France/Germany/Italy/Spain/UK/US,377510142959/377519269178/377519201888/377519264175/377519270343/377519274158/377519418016/377519560727
1411,Final Fantasy VII REMAKE Mini Figure Cloud Strife Square Enix Used Very Good,Used,1,8,Australia/Canada/France/Germany/Italy/Spain/UK/US,377529954799/377529921226/377529939543/377529965249/377529971696/377530155610/377530156812/377530314212
1424,KAWAI Mini Grand Piano No.1141 32keys Educational Toy BLACK Used Good Condition,Used,2,1,US,377534855645
1449,Pokemon Time Mawile Kucheat Plush Pokemon Center 2013 Japan Exclusive Rare Used,Used,2,8,Australia/Canada/France/Germany/Italy/Spain/UK/US,377484043549/377484379962/377484303077/377484376311/377484376564/377484377516/377484588724/377484589626
1474,Weiss Schwarz Darling In The Franxx Zero Two Mysterious Girl FXX/S57-T015SP SP,Ungraded,2,8,Australia/Canada/France/Germany/Italy/Spain/UK/US,377518971924/377528438210/377528380211/377528438731/377528439399/377528483897/377528655505/377528826233
1478,Mobile Suit Gundam Arsenal Base 1st Anniversary Special Box Set Bandai Used,Used,2,8,Australia/Canada/France/Germany/Italy/Spain/UK/US,377469499654/377469729632/377469871606/377469869843/377469873176/377470990010/377471029510/377471046966
1489,Nitro+CHiRAL Official Works Slow Damage Works Book 2021 Rare Used Near Mint,Used,2,8,Australia/Canada/France/Germany/Italy/Spain/UK/US,377485507093/377485673786/377485702616/377485727614/377485728346/377486076463/377486076324/377486227993
1507,Kazumasa Nagai Poster Museum Japanese Graphic Design Art Book Unread Like New,Like New,2,8,Australia/Canada/France/Germany/Italy/Spain/UK/US,377526871374/377526990534/377526955777/377526916616/377526948306/377526949824/377526990824/377526999213
1595,Depeche Mode Music For The Masses UK Original Pressing Mute Vinyl LP Record Used,Used,2,8,Australia/Canada/France/Germany/Italy/Spain/UK/US,377469499649/377469729383/377469872302/377469868982/377469869574/377469870108/377469872853/377470070791
1613,Hazbin Hotel Trading Cards Gravity PR-16 Promo Unused from Japan,Ungraded,2,8,Australia/Canada/France/Germany/Italy/Spain/UK/US,377477792315/377477971537/377477884028/377477949370/377477950060/377477951772/377478174159/377478335515
1614,Hazbin Hotel Season 2 Trading Cards 28/60 MAN'S BEST FRIEND Unused,Ungraded,2,8,Australia/Canada/France/Germany/Italy/Spain/UK/US,377477792328/377477947602/377477883709/377477949995/377477952929/377477955176/377477971882/377478172835
1615,Hazbin Hotel Season 2 Trading Cards 23/50 HUSK Foil HOLO Unused Rare from Japan,Ungraded,2,8,Australia/Canada/France/Germany/Italy/Spain/UK/US,377477792301/377477949444/377477884141/377477947545/377477953050/377477955170/377477971729/377478174700
1616,Hazbin Hotel Season 2 Trading Cards 23/60 HUMAN ALASTOR Rare from Japan,Ungraded,1,8,Australia/Canada/France/Germany/Italy/Spain/UK/US,377482659998/377482863133/377482789031/377482791791/377482854129/377482854905/377482855881/377482858826
1617,Hazbin Hotel Trading Cards VOX Foil Holo Ultra Rare from Japan,Ungraded,2,8,Australia/Canada/France/Germany/Italy/Spain/UK/US,377482651310/377482850866/377482788809/377482793973/377482852831/377482854485/377482854810/377482855166
1619,Hazbin Hotel 2nd Edition Trading Cards LILITH'S BEAC Secret Foil Pink Rare,Ungraded,2,8,Australia/Canada/France/Germany/Italy/Spain/UK/US,377482652071/377482852976/377482788945/377482792020/377482852653/377482853364/377482857323/377482865572
1625,MTG Rhox Japanese Foil Nemesis Green Creature Card NM,Ungraded,2,8,Australia/Canada/France/Germany/Italy/Spain/UK/US,377492019550/377491989637/377492013886/377492019922/377492020008/377492022598/377492029086/377492029358
1644,Kirby Super Star Otedama Beanbag Plush Waddle Dee Vintage Prize Japan Rare,Used,2,8,Australia/Canada/France/Germany/Italy/Spain/UK/US,377501874940/377502005405/377501929262/377501944559/377502005244/377502005727/377502017458/377502017902
1645,Kirby Super Star Otedama Beanbag Plush Star Character Vintage Prize Japan,Used,2,8,Australia/Canada/France/Germany/Italy/Spain/UK/US,377501879960/377502008724/377501930859/377502005609/377502006255/377502006601/377502007233/377502051904
1674,Roland PG-800 Programmer for JX-8P JX-10 MKS-70 GR-77B Synth with DIN Cable,Used,2,8,Australia/Canada/France/Germany/Italy/Spain/UK/US,377521044384/377521250829/377521174560/377521245714/377521247356/377521250672/377521251183/377521285419
1676,One Piece Carddass Hyper Battle Luffy C565 Graded 10 Gem Mint Japan,Graded,2,8,Australia/Canada/France/Germany/Italy/Spain/UK/US,377523402507/377533108973/377532886946/377533025654/377533025998/377533026701/377533196106/377533166952
1691,AVANTI Idol Horse Manhattan Cafe Plush Uma Musume Racehorse S Size w/ Tag Japan,Used,2,8,Australia/Canada/France/Germany/Italy/Spain/UK/US,377529921234/377537860207/377537704065/377537765907/377537859095/377537859426/377537860965/377537861420
1692,AVANTI Idol Horse Meiner Love Plush Racehorse S Size Silk Road Ver w/ Tag Japan,Used,2,7,Australia/Canada/France/Germany/Italy/UK/US,377529963673/377529921228/377529939571/377529954782/377529964440/377529965202/377529971282
1693,AVANTI Idol Horse Matikanefukukitaru Plush Racehorse 5S Size w/ Tag Japan,Used,1,8,Australia/Canada/France/Germany/Italy/Spain/UK/US,377529970922/377529921232/377529939614/377529954843/377529963647/377529964244/377529965026/377530155938
1700,Brahms Complete Edition 46 CD Box Deutsche Grammophon Karajan Pollini Abbado,Very good,2,8,Australia/Canada/France/Germany/Italy/Spain/UK/US,377532460402/377532449513/377532450034/377532450114/377532459635/377532473302/377532473453/377532654936
1710,KISS Retro 12 inch Figure Set with Mini Concert T-Shirts Vintage,Used,1,1,US,377480319542
1711,Bandai Chogokin GD-57B Mechagodzilla 2004 Black Version Tokyo SOS Japan,Used,1,8,Australia/Canada/France/Germany/Italy/Spain/UK/US,377480313613/377480497765/377480454149/377480497995/377480498215/377480498753/377480499494/377480656054
1712,Popy Chogokin Mechagodzilla Vintage Diecast Figure Japan,Used,1,8,Australia/Canada/France/Germany/Italy/Spain/UK/US,377480316269/377480498324/377480454350/377480498096/377480498612/377480499804/377480642176/377480656693
1726,David Bowie Aladdin Sane Japan Paper Sleeve SHM-CD Limited OBI,Like New,2,8,Australia/Canada/France/Germany/Italy/Spain/UK/US,377489614890/377489809898/377489947394/377489948046/377489948862/377489949118/377489949339/377490453646
1730,Final Fantasy XIV Crystal Exarch's Cane Silver 925 Pendant Necklace Square Enix,Used,2,8,Australia/Canada/France/Germany/Italy/Spain/UK/US,377492022771/377491989634/377492013826/377492019642/377492019930/377492019973/377492023633/377492028647
1736,Summer Carnival 92 Recca Famicom Promotional T-Shirt Naxat Sealed,Used,2,8,Australia/Canada/France/Germany/Italy/Spain/UK/US,377492028301/377491989633/377492013865/377492019575/377492019984/377492021882/377492022954/377492028654
1738,SHODO SUPER Denshi Sentai Denziman Bandai Candy Toy Figure,Used,1,8,Australia/Canada/France/Germany/Italy/Spain/UK/US,377492019946/377491989635/377492013840/377492019572/377492019896/377492021983/377492022769/377492028881
1740,Art Storm Fewture EX Gokin Ultra Hawk No.3 Ultraseven Future Model,Used,1,8,Australia/Canada/France/Germany/Italy/Spain/UK/US,377492019975/377491989646/377492013872/377492019586/377492019915/377492022810/377492023063/377492029342
1752,VOLKS Dollfie Dream DD DDS Snow Miku Tancho Miko Costume Set Hatsune Miku,Used,1,8,Australia/Canada/France/Germany/Italy/Spain/UK/US,377496195918/377496279703/377496423070/377496348130/377496446573/377496450144/377496452482/377496513763
1770,Uma Musume Taiki Shuttle AVANTI Idol Horse Plush Sprinters Stakes Ver S,Used,1,8,Australia/Canada/France/Germany/Italy/Spain/UK/US,377504794775/377504962242/377504893443/377504954638/377504961066/377504961703/377505212764/377505369491
1776,Bandai Ikimono Daizukan Ultimate Ryujin Centipede Figure,Used,1,8,Australia/Canada/France/Germany/Italy/Spain/UK/US,377511839376/377511914866/377511916432/377512125725/377512101334/377512103477/377512105502/377512125225
1784,X-Plus DefoReal Mothra Larva 1961 Figure,Used,1,8,Australia/Canada/France/Germany/Italy/Spain/UK/US,377511842141/377511918284/377512149635/377512125720/377512132168/377512133353/377512161468/377512518102
1808,Buffalo Zine No.3 Magazine JW Anderson Vivienne Rare Fashion Japan Import,Like New,2,8,Australia/Canada/France/Germany/Italy/Spain/UK/US,377523402520/377523776915/377523778401/377523699708/377523777374/377523778036/377523789285/377523998134
1822,Weiss Schwarz Nisekoi Chitoge Kirisaki SP W30-T07SP Signed Card Japan Import,Ungraded,2,8,Australia/Canada/France/Germany/Italy/Spain/UK/US,377451429708/377451378730/377451400022/377451427039/377451428872/377451430130/377451530412/377451637604
1846,TOMIX 92962 N Gauge Sayonara Fuji Hayabusa Sleeper Express 14 Series Set Japan,Used,1,8,Australia/Canada/France/Germany/Italy/Spain/UK/US,377469989949/377470108079/377470279806/377470280320/377470281038/377470281767/377470283917/377471063197
1849,Arthur Rubinstein The Chopin Collection Complete Classical Piano CD Box Japan,Very Good,1,8,Australia/Canada/France/Germany/Italy/Spain/UK/US,377469989205/377470108000/377470280724/377470282509/377470282610/377470283595/377471046682/377471226588
1851,Herbert von Karajan 1970s Deutsche Grammophon Classical CD Box Set Japan Import,Very Good,1,8,Australia/Canada/France/Germany/Italy/Spain/UK/US,377469989210/377470108012/377470281829/377470279862/377470280725/377470281377/377471086657/377471185398
1858,Pokemon Card Deoxys ex 006/015 1st Edition Constructed Starter Deck PCG Japan,Ungraded,2,8,Australia/Canada/France/Germany/Italy/Spain/UK/US,377472789112/377472836711/377472961663/377472909954/377472910562/377472997199/377473038096/377473477405
